ticker,stage,reason_code,severity_bucket,is_large_cap,sector_wide,market_cap_eur,gics_sector,detail
AMS.VI,resolution,RESOLUTION_DEGRADED_DICT,REVIEW,False,False,,,
RIGN.SW,resolution,RESOLUTION_DEGRADED_DICT,REVIEW,False,False,,,
ROL.L,resolution,RESOLUTION_DEGRADED_DICT,REVIEW,False,False,,,
SANO.HE,resolution,RESOLUTION_DEGRADED_DICT,REVIEW,False,False,,,
SCHA.OL,resolution,RESOLUTION_DEGRADED_DICT,REVIEW,False,False,,,
GLB.IR,resolution,RESOLUTION_NO_SYMBOL_DATA,REVIEW,False,False,,,NO_RAW_MC
ML.PA,resolution,RESOLUTION_NO_SYMBOL_DATA,REVIEW,False,False,,,NO_RAW_MC
RNL.PA,resolution,RESOLUTION_NO_SYMBOL_DATA,REVIEW,False,False,,,NO_RAW_MC
1COV.DE,basis_gates,GATE_VOLUME,REVIEW,True,False,11320645632.0,,
AA,basis_gates,GATE_GROSS_MARGIN,BENIGN,True,False,15621544319.385601,Basic Materials,
ABF.L,basis_gates,GATE_GROSS_MARGIN,BENIGN,True,False,15766272113.664,Consumer Defensive,
ABN.AS,basis_gates,FRAMEWORK_METRIK_NA,BENIGN,True,False,28283828224.0,Financial Services,
AC.PA,basis_gates,GATE_GROSS_MARGIN,BENIGN,True,False,11190117376.0,Consumer Cyclical,
ACA.PA,basis_gates,FRAMEWORK_METRIK_NA,BENIGN,True,False,50590150656.0,Financial Services,
ACGL,basis_gates,FRAMEWORK_METRIK_NA,BENIGN,True,False,27567164017.8688,Financial Services,
ACM,basis_gates,GATE_GROSS_MARGIN,BENIGN,True,False,7757553179.0336,Industrials,
ACX.MC,basis_gates,GATE_REVENUE_GROWTH,BENIGN,True,False,4233595648.0,Basic Materials,
ADC,basis_gates,FRAMEWORK_METRIK_NA,BENIGN,True,False,7862341048.7296,Real Estate,
ADEN.SW,basis_gates,GATE_GROSS_MARGIN,BENIGN,False,False,2972864851.584,Industrials,
ADM,basis_gates,GATE_GROSS_MARGIN,BENIGN,True,False,33289022432.8704,Consumer Defensive,
ADM.L,basis_gates,FRAMEWORK_METRIK_NA,BENIGN,True,False,11986786530.816,Financial Services,
AFG,basis_gates,FRAMEWORK_METRIK_NA,BENIGN,True,False,9590899287.6544,Financial Services,
AFL,basis_gates,FRAMEWORK_METRIK_NA,BENIGN,True,False,51612210993.5616,Financial Services,
AGS.BR,basis_gates,FRAMEWORK_METRIK_NA,BENIGN,True,False,13934561280.0,Financial Services,
AHR,basis_gates,FRAMEWORK_METRIK_NA,BENIGN,True,False,7765562117.3248005,Real Estate,
AI.PA,basis_gates,GATE_REVENUE_GROWTH,REVIEW,True,False,107121311744.0,Basic Materials,
AIG,basis_gates,FRAMEWORK_METRIK_NA,BENIGN,True,False,34567850491.904,Financial Services,
AIZ,basis_gates,FRAMEWORK_METRIK_NA,BENIGN,True,False,11131380577.075201,Financial Services,
AKE.PA,basis_gates,GATE_REVENUE_GROWTH,BENIGN,True,False,4343971328.0,Basic Materials,
AKRBP.OL,basis_gates,GATE_REVENUE_GROWTH,REVIEW,True,False,19689375072.255997,Energy,
AKZA.AS,basis_gates,GATE_REVENUE_GROWTH,BENIGN,True,False,9897713664.0,Basic Materials,
ALL,basis_gates,FRAMEWORK_METRIK_NA,BENIGN,True,False,49110534586.368004,Financial Services,
ALLFG.AS,basis_gates,GATE_REVENUE_GROWTH,BENIGN,True,False,5168589312.0,Financial Services,
ALLY,basis_gates,FRAMEWORK_METRIK_NA,BENIGN,True,False,11707248449.9456,Financial Services,
ALO.PA,basis_gates,GATE_GROSS_MARGIN,BENIGN,True,False,7489753600.0,Industrials,
ALV.DE,basis_gates,FRAMEWORK_METRIK_NA,BENIGN,True,False,146556207104.0,Financial Services,
AMH,basis_gates,FRAMEWORK_METRIK_NA,BENIGN,True,False,11769966034.944,Real Estate,
AMKR,basis_gates,GATE_GROSS_MARGIN,BENIGN,True,False,17662656531.6608,Technology,
AML.L,basis_gates,GATE_MARKET_CAP,BENIGN,False,False,494515129.9776,Consumer Cyclical,
AMP,basis_gates,FRAMEWORK_METRIK_NA,BENIGN,True,False,35529046491.136,Financial Services,
AMT,basis_gates,FRAMEWORK_METRIK_NA,BENIGN,True,False,75066800183.7056,Real Estate,
AN,basis_gates,GATE_GROSS_MARGIN,BENIGN,True,False,5516764014.1824,Consumer Cyclical,
ANE.MC,basis_gates,GATE_REVENUE_GROWTH,BENIGN,True,False,7855109120.0,Utilities,
APA,basis_gates,GATE_REVENUE_GROWTH,REVIEW,True,False,11263971432.8576,Energy,
ARE,basis_gates,FRAMEWORK_METRIK_NA,BENIGN,True,False,7976093358.4896,Real Estate,
ARMK,basis_gates,GATE_GROSS_MARGIN,BENIGN,True,False,12284038329.1392,Industrials,
ARW,basis_gates,GATE_GROSS_MARGIN,BENIGN,True,False,9981971002.1632,Technology,
ASB,basis_gates,FRAMEWORK_METRIK_NA,BENIGN,True,False,4807039950.848001,Financial Services,
AT1.DE,basis_gates,GATE_REVENUE_GROWTH,BENIGN,False,False,2387934464.0,Real Estate,
ATO.PA,basis_gates,GATE_MARKET_CAP,BENIGN,False,False,673225280.0,Technology,
AV.L,basis_gates,FRAMEWORK_METRIK_NA,BENIGN,True,False,21746213090.304,Financial Services,
AVB,basis_gates,FRAMEWORK_METRIK_NA,BENIGN,True,False,22840753343.6928,Real Estate,
AVT,basis_gates,GATE_GROSS_MARGIN,BENIGN,True,False,6396227149.824,Technology,
AXP,basis_gates,FRAMEWORK_METRIK_NA,BENIGN,True,False,191146091714.9696,Financial Services,
BA,basis_gates,GATE_GROSS_MARGIN,BENIGN,True,False,148640902099.7632,Industrials,
BAC,basis_gates,FRAMEWORK_METRIK_NA,BENIGN,True,False,342211909228.9536,Financial Services,
BAER.SW,basis_gates,FRAMEWORK_METRIK_NA,BENIGN,True,False,14389273731.1744,Financial Services,
BAH,basis_gates,GATE_GROSS_MARGIN,BENIGN,True,False,7991748955.3408,Industrials,
BARC.L,basis_gates,FRAMEWORK_METRIK_NA,BENIGN,True,False,74047789513.1136,Financial Services,
BARN.SW,basis_gates,GATE_GROSS_MARGIN,BENIGN,True,False,6804720542.208,Consumer Defensive,
BAS.DE,basis_gates,GATE_GROSS_MARGIN,BENIGN,True,False,43774099456.0,Basic Materials,
BAYN.DE,basis_gates,GATE_REVENUE_GROWTH,REVIEW,True,False,35553927168.0,Healthcare,
BBVA.MC,basis_gates,FRAMEWORK_METRIK_NA,BENIGN,True,False,111648817152.0,Financial Services,
BBWI,basis_gates,GATE_REVENUE_GROWTH,BENIGN,True,False,3365985275.904,Consumer Cyclical,
BBY.L,basis_gates,GATE_GROSS_MARGIN,BENIGN,True,False,4624284575.5392,Industrials,
BC,basis_gates,GATE_GROSS_MARGIN,BENIGN,True,False,4617580432.5888,Consumer Cyclical,
BCO,basis_gates,GATE_GROSS_MARGIN,BENIGN,True,False,3613633221.4272,Industrials,
BEZ.L,basis_gates,FRAMEWORK_METRIK_NA,BENIGN,True,False,8778686839.296,Financial Services,
BG,basis_gates,GATE_GROSS_MARGIN,BENIGN,True,False,21238761186.9184,Consumer Defensive,
BHF,basis_gates,FRAMEWORK_METRIK_NA,BENIGN,True,False,3116791250.9440002,Financial Services,
BK,basis_gates,FRAMEWORK_METRIK_NA,BENIGN,True,False,81038940123.9552,Financial Services,
BKH,basis_gates,GATE_REVENUE_GROWTH,BENIGN,True,False,4816534588.6208,Utilities,
BKT.MC,basis_gates,FRAMEWORK_METRIK_NA,BENIGN,True,False,12977173504.0,Financial Services,
BLDR,basis_gates,GATE_REVENUE_GROWTH,BENIGN,True,False,7200532666.7776,Industrials,
BLKB,basis_gates,GATE_MARKET_CAP,BENIGN,False,False,1103120075.5712,Technology,
BMW.DE,basis_gates,GATE_REVENUE_GROWTH,REVIEW,True,False,40677593088.0,Consumer Cyclical,
BN.PA,basis_gates,GATE_REVENUE_GROWTH,REVIEW,True,False,43111739392.0,Consumer Defensive,
BNP.PA,basis_gates,FRAMEWORK_METRIK_NA,BENIGN,True,False,106513768448.0,Financial Services,
BNR.DE,basis_gates,GATE_REVENUE_GROWTH,BENIGN,True,False,8100019200.0,Basic Materials,
BNZL.L,basis_gates,GATE_GROSS_MARGIN,BENIGN,True,False,9433901917.2864,Consumer Defensive,
BOL.PA,basis_gates,GATE_GROSS_MARGIN,BENIGN,True,False,15187461120.0,Communication Services,
BOL.ST,basis_gates,GATE_GROSS_MARGIN,BENIGN,True,False,13866984632.48384,Basic Materials,
BPOST.BR,basis_gates,GATE_VOLUME,BENIGN,False,False,340001600.0,Industrials,
BRBR,basis_gates,GATE_MARKET_CAP,BENIGN,False,False,881810296.2176,Consumer Defensive,
BRK-B,basis_gates,FRAMEWORK_METRIK_NA,BENIGN,True,False,908351180374.016,Financial Services,
BRX,basis_gates,FRAMEWORK_METRIK_NA,BENIGN,True,False,8605191670.9888,Real Estate,
BT-A.L,basis_gates,GATE_REVENUE_GROWTH,REVIEW,True,False,23898790309.478397,Communication Services,
BVI.PA,basis_gates,GATE_GROSS_MARGIN,BENIGN,True,False,11306420224.0,Industrials,
BX,basis_gates,FRAMEWORK_METRIK_NA,BENIGN,True,False,129190200292.1472,Financial Services,
BXP,basis_gates,FRAMEWORK_METRIK_NA,BENIGN,True,False,10173348134.912,Real Estate,
BYG.L,basis_gates,GATE_MARKET_CAP,BENIGN,False,False,1957183391.6543999,Real Estate,
C,basis_gates,FRAMEWORK_METRIK_NA,BENIGN,True,False,205292905431.04,Financial Services,
CABK.MC,basis_gates,FRAMEWORK_METRIK_NA,BENIGN,True,False,82781265920.0,Financial Services,
CAH,basis_gates,GATE_GROSS_MARGIN,BENIGN,True,False,45129145568.4608,Healthcare,
CB,basis_gates,FRAMEWORK_METRIK_NA,BENIGN,True,False,109556098557.5424,Financial Services,
CBK.DE,basis_gates,FRAMEWORK_METRIK_NA,BENIGN,True,False,40384962560.0,Financial Services,
CBRE,basis_gates,GATE_GROSS_MARGIN,BENIGN,True,False,33626861063.3728,Real Estate,
CBSH,basis_gates,FRAMEWORK_METRIK_NA,BENIGN,True,False,7004571064.7296,Financial Services,
CBT,basis_gates,GATE_REVENUE_GROWTH,BENIGN,True,False,3894790499.5328,Basic Materials,
CCI,basis_gates,FRAMEWORK_METRIK_NA,BENIGN,True,False,34624316768.256,Real Estate,
CDP,basis_gates,FRAMEWORK_METRIK_NA,BENIGN,True,False,3433778523.3408,Real Estate,
CEG,basis_gates,GATE_GROSS_MARGIN,BENIGN,True,False,78004153666.7648,Utilities,
CFG,basis_gates,FRAMEWORK_METRIK_NA,BENIGN,True,False,24625736430.3872,Financial Services,
CFR,basis_gates,FRAMEWORK_METRIK_NA,BENIGN,True,False,8000243577.6512,Financial Services,
CG,basis_gates,FRAMEWORK_METRIK_NA,BENIGN,True,False,14176369043.0464,Financial Services,
CHRW,basis_gates,GATE_GROSS_MARGIN,BENIGN,True,False,19657851771.2896,Industrials,
CHWY,basis_gates,GATE_GROSS_MARGIN,BENIGN,True,False,6805468382.8224,Consumer Cyclical,
CI,basis_gates,GATE_GROSS_MARGIN,BENIGN,True,False,67857430006.9888,Healthcare,
CINF,basis_gates,FRAMEWORK_METRIK_NA,BENIGN,True,False,22504414956.7488,Financial Services,
CLF,basis_gates,GATE_GROSS_MARGIN,BENIGN,True,False,6766157946.88,Basic Materials,
CLN.SW,basis_gates,GATE_REVENUE_GROWTH,BENIGN,False,False,2668842890.624,Basic Materials,
CNC,basis_gates,GATE_GROSS_MARGIN,BENIGN,True,False,27709692444.672,Healthcare,
CNH,basis_gates,GATE_REVENUE_GROWTH,REVIEW,True,False,11313905215.0784,Industrials,
CNO,basis_gates,FRAMEWORK_METRIK_NA,BENIGN,True,False,4046647409.0496,Financial Services,
CNXC,basis_gates,GATE_MARKET_CAP,BENIGN,False,False,1375839365.1200001,Technology,
COF,basis_gates,FRAMEWORK_METRIK_NA,BENIGN,True,False,98954252831.9488,Financial Services,
COLB,basis_gates,FRAMEWORK_METRIK_NA,BENIGN,True,False,7802242279.0144005,Financial Services,
CON.DE,basis_gates,GATE_REVENUE_GROWTH,REVIEW,True,False,14460433408.0,Consumer Cyclical,
COP,basis_gates,GATE_REVENUE_GROWTH,REVIEW,True,False,122677810482.3808,Energy,
COR,basis_gates,GATE_GROSS_MARGIN,BENIGN,True,False,47173573830.2464,Healthcare,
COST,basis_gates,GATE_GROSS_MARGIN,BENIGN,True,False,375008735422.0544,Consumer Defensive,
COTY,basis_gates,GATE_MARKET_CAP,BENIGN,False,False,1568864385.8432,Consumer Defensive,
CPRI,basis_gates,GATE_REVENUE_GROWTH,BENIGN,False,False,2114885719.6544,Consumer Cyclical,
CPT,basis_gates,FRAMEWORK_METRIK_NA,BENIGN,True,False,9807470287.2576,Real Estate,
CRBG,basis_gates,FRAMEWORK_METRIK_NA,BENIGN,True,False,11299299436.1344,Financial Services,
CS.PA,basis_gates,FRAMEWORK_METRIK_NA,BENIGN,True,False,83118374912.0,Financial Services,
CTG.L,basis_gates,GATE_VOLUME,BENIGN,False,False,40945121.458799995,Industrials,
CTRE,basis_gates,FRAMEWORK_METRIK_NA,BENIGN,True,False,7493653109.1456,Real Estate,
CUBE,basis_gates,FRAMEWORK_METRIK_NA,BENIGN,True,False,8207308921.2416,Real Estate,
CUZ,basis_gates,FRAMEWORK_METRIK_NA,BENIGN,True,False,4109493687.0912,Real Estate,
CVNA,basis_gates,GATE_GROSS_MARGIN,BENIGN,True,False,60520410434.7648,Consumer Cyclical,
CVS,basis_gates,GATE_GROSS_MARGIN,BENIGN,True,False,111984525705.216,Healthcare,
CYTK,basis_gates,GATE_GROSS_MARGIN,BENIGN,True,False,8198523417.3952,Healthcare,
DE,basis_gates,GATE_REVENUE_GROWTH,REVIEW,True,False,134268928445.6448,Industrials,
DELL,basis_gates,GATE_GROSS_MARGIN,BENIGN,True,False,220685087014.912,Technology,
DGE.L,basis_gates,GATE_REVENUE_GROWTH,REVIEW,True,False,38987192730.624,Consumer Defensive,
DHER.DE,basis_gates,GATE_GROSS_MARGIN,BENIGN,True,False,11433117696.0,Consumer Cyclical,
DHL.DE,basis_gates,GATE_REVENUE_GROWTH,REVIEW,True,False,57887264768.0,Industrials,
DIA.MC,basis_gates,GATE_REVENUE_GROWTH,BENIGN,False,False,2366584576.0,Consumer Defensive,
DIE.BR,basis_gates,GATE_GROSS_MARGIN,BENIGN,True,False,8913441792.0,Consumer Cyclical,
DINO,basis_gates,GATE_GROSS_MARGIN,BENIGN,True,False,11058205360.128,Energy,
DLN.L,basis_gates,FRAMEWORK_METRIK_NA,BENIGN,False,False,2436363460.7232,Real Estate,
DLR,basis_gates,FRAMEWORK_METRIK_NA,BENIGN,True,False,56716536722.2272,Real Estate,
DOC,basis_gates,FRAMEWORK_METRIK_NA,BENIGN,True,False,12278532734.976,Real Estate,
DOCM.SW,basis_gates,GATE_MARKET_CAP,BENIGN,False,False,417740588.7744,Healthcare,
DOW,basis_gates,GATE_GROSS_MARGIN,BENIGN,True,False,21001021063.168,Basic Materials,
DTG.DE,basis_gates,GATE_REVENUE_GROWTH,REVIEW,True,False,31979857920.0,Industrials,
EBS.VI,basis_gates,FRAMEWORK_METRIK_NA,BENIGN,True,False,42336276480.0,Financial Services,
EDP.LS,basis_gates,GATE_REVENUE_GROWTH,REVIEW,True,False,18466228224.0,Utilities,
EEFT,basis_gates,GATE_GROSS_MARGIN,BENIGN,False,False,2184784552.7552,Technology,
EFGN.SW,basis_gates,FRAMEWORK_METRIK_NA,BENIGN,True,False,5372150398.4128,Financial Services,
EG,basis_gates,FRAMEWORK_METRIK_NA,BENIGN,True,False,11561061086.0032,Financial Services,
EGP,basis_gates,FRAMEWORK_METRIK_NA,BENIGN,True,False,9499281299.8656,Real Estate,
ELS,basis_gates,FRAMEWORK_METRIK_NA,BENIGN,True,False,11182554572.3904,Real Estate,
ELUX-B.ST,basis_gates,GATE_MARKET_CAP,BENIGN,False,False,1332615076.2496002,Consumer Cyclical,
ELV,basis_gates,GATE_GROSS_MARGIN,BENIGN,True,False,75534171006.5664,Healthcare,
EMSN.SW,basis_gates,GATE_REVENUE_GROWTH,REVIEW,True,False,17724267301.6832,Basic Materials,
ENEL.MI,basis_gates,GATE_REVENUE_GROWTH,REVIEW,True,False,97188438016.0,Utilities,
ENGI.PA,basis_gates,GATE_REVENUE_GROWTH,REVIEW,True,False,69901107200.0,Utilities,
ENI.MI,basis_gates,GATE_REVENUE_GROWTH,REVIEW,True,False,68033933312.0,Energy,
EOAN.DE,basis_gates,GATE_REVENUE_GROWTH,REVIEW,True,False,48106766336.0,Utilities,
EPR,basis_gates,FRAMEWORK_METRIK_NA,BENIGN,True,False,3941588931.3792,Real Estate,
EQH,basis_gates,FRAMEWORK_METRIK_NA,BENIGN,True,False,10667450089.472,Financial Services,
EQIX,basis_gates,FRAMEWORK_METRIK_NA,BENIGN,True,False,89637179726.2336,Real Estate,
EQR,basis_gates,FRAMEWORK_METRIK_NA,BENIGN,True,False,22396774685.0816,Real Estate,
ERIC-B.ST,basis_gates,GATE_REVENUE_GROWTH,REVIEW,True,False,35438891410.391045,Technology,
ERIE,basis_gates,FRAMEWORK_METRIK_NA,BENIGN,True,False,10202669875.2,Financial Services,
ESNT,basis_gates,FRAMEWORK_METRIK_NA,BENIGN,True,False,4631004615.4752,Financial Services,
ESS,basis_gates,FRAMEWORK_METRIK_NA,BENIGN,True,False,16835359473.664,Real Estate,
EVK.DE,basis_gates,GATE_REVENUE_GROWTH,BENIGN,True,False,7395420160.0,Basic Materials,
EVR,basis_gates,FRAMEWORK_METRIK_NA,BENIGN,True,False,11899997133.2096,Financial Services,
EVT.DE,basis_gates,GATE_MARKET_CAP,BENIGN,False,False,846768384.0,Healthcare,
EWBC,basis_gates,FRAMEWORK_METRIK_NA,BENIGN,True,False,15640576786.432001,Financial Services,
EXO.AS,basis_gates,FRAMEWORK_METRIK_NA,BENIGN,True,False,21988499456.0,Industrials,
EXR,basis_gates,FRAMEWORK_METRIK_NA,BENIGN,True,False,28609984901.9392,Real Estate,
F,basis_gates,GATE_GROSS_MARGIN,BENIGN,True,False,50901550379.8272,Consumer Cyclical,
FAF,basis_gates,FRAMEWORK_METRIK_NA,BENIGN,True,False,5766417940.4800005,Financial Services,
FBIN,basis_gates,GATE_REVENUE_GROWTH,BENIGN,True,False,4438165582.6432,Industrials,
FER.AS,basis_gates,GATE_VOLUME,REVIEW,True,False,41715105792.0,Industrials,
FFIN,basis_gates,FRAMEWORK_METRIK_NA,BENIGN,True,False,4150293348.352,Financial Services,
FHN,basis_gates,FRAMEWORK_METRIK_NA,BENIGN,True,False,10270972385.6896,Financial Services,
FISV,basis_gates,GATE_GROSS_MARGIN,BENIGN,True,False,24686364957.0816,,
FITB,basis_gates,FRAMEWORK_METRIK_NA,BENIGN,True,False,42697770821.2224,Financial Services,
FLEX,basis_gates,GATE_GROSS_MARGIN,BENIGN,True,False,47215259798.7328,Technology,
FLG,basis_gates,FRAMEWORK_METRIK_NA,BENIGN,True,False,5360389185.536,Financial Services,
FLO,basis_gates,GATE_MARKET_CAP,BENIGN,False,False,1421548643.9424,Consumer Defensive,
FLOW.AS,basis_gates,GATE_MARKET_CAP,BENIGN,False,False,1146721280.0,Financial Services,
FLR,basis_gates,GATE_GROSS_MARGIN,BENIGN,True,False,6102765142.016,Industrials,
FN,basis_gates,GATE_GROSS_MARGIN,BENIGN,True,False,18844917209.4976,Technology,
FNB,basis_gates,FRAMEWORK_METRIK_NA,BENIGN,True,False,5711552394.0352,Financial Services,
FNF,basis_gates,FRAMEWORK_METRIK_NA,BENIGN,True,False,11102622970.6752,Financial Services,
FR,basis_gates,FRAMEWORK_METRIK_NA,BENIGN,True,False,7497684903.5264,Real Estate,
FRT,basis_gates,FRAMEWORK_METRIK_NA,BENIGN,True,False,9415267660.5952,Real Estate,
FRVIA.PA,basis_gates,GATE_MARKET_CAP,BENIGN,False,False,1818076032.0,Consumer Cyclical,
GALE.SW,basis_gates,GATE_GROSS_MARGIN,BENIGN,True,False,4591927534.8224,Healthcare,
GBCI,basis_gates,FRAMEWORK_METRIK_NA,BENIGN,True,False,5595738791.936,Financial Services,
GF.SW,basis_gates,GATE_GROSS_MARGIN,BENIGN,True,False,3865889264.0,,
GFC.PA,basis_gates,FRAMEWORK_METRIK_NA,BENIGN,True,False,5455173120.0,Real Estate,
GL,basis_gates,FRAMEWORK_METRIK_NA,BENIGN,True,False,11145672556.544,Financial Services,
GLE.PA,basis_gates,FRAMEWORK_METRIK_NA,BENIGN,True,False,53584572416.0,Financial Services,
GLEN.L,basis_gates,GATE_GROSS_MARGIN,BENIGN,True,False,79872038400.0,Basic Materials,
GLPI,basis_gates,FRAMEWORK_METRIK_NA,BENIGN,True,False,11573061271.552,Real Estate,
GN.CO,basis_gates,GATE_MARKET_CAP,BENIGN,False,False,1758769582.31552,Healthcare,
GS,basis_gates,FRAMEWORK_METRIK_NA,BENIGN,True,False,269877279981.568,Financial Services,
GT,basis_gates,GATE_MARKET_CAP,BENIGN,False,False,1583533850.2144,Consumer Cyclical,
HAS.L,basis_gates,GATE_MARKET_CAP,BENIGN,False,False,680276004.384,Industrials,
HBAN,basis_gates,FRAMEWORK_METRIK_NA,BENIGN,True,False,30571596546.048,Financial Services,
HEN3.DE,basis_gates,GATE_REVENUE_GROWTH,REVIEW,True,False,28113197056.0,Consumer Defensive,
HIG,basis_gates,FRAMEWORK_METRIK_NA,BENIGN,True,False,30586665972.5312,Financial Services,
HNR1.DE,basis_gates,FRAMEWORK_METRIK_NA,BENIGN,True,False,27520266240.0,Financial Services,
HOG,basis_gates,GATE_GROSS_MARGIN,BENIGN,False,False,2323367347.8144,Consumer Cyclical,
HOLN.SW,basis_gates,GATE_REVENUE_GROWTH,REVIEW,True,False,44742367496.192,Basic Materials,
HOMB,basis_gates,FRAMEWORK_METRIK_NA,BENIGN,True,False,4897891069.1328,Financial Services,
HPQ,basis_gates,GATE_GROSS_MARGIN,BENIGN,True,False,19869461918.5152,Technology,
HR,basis_gates,FRAMEWORK_METRIK_NA,BENIGN,True,False,6249895667.3024,Real Estate,
HRL,basis_gates,GATE_GROSS_MARGIN,BENIGN,True,False,11723695597.1584,Consumer Defensive,
HSBA.L,basis_gates,FRAMEWORK_METRIK_NA,BENIGN,True,False,272534875255.60318,Financial Services,
HST,basis_gates,FRAMEWORK_METRIK_NA,BENIGN,True,False,14864159316.3776,Real Estate,
HSX.L,basis_gates,FRAMEWORK_METRIK_NA,BENIGN,True,False,6534506616.8832,Financial Services,
HUM,basis_gates,GATE_GROSS_MARGIN,BENIGN,True,False,39191985455.104004,Healthcare,
HUSQ-B.ST,basis_gates,GATE_REVENUE_GROWTH,BENIGN,False,False,2165802097.70496,Industrials,
HWC,basis_gates,FRAMEWORK_METRIK_NA,BENIGN,True,False,5064906432.512,Financial Services,
IBE.MC,basis_gates,GATE_REVENUE_GROWTH,REVIEW,True,False,133916262400.0,Utilities,
IBOC,basis_gates,FRAMEWORK_METRIK_NA,BENIGN,True,False,4096315431.3216,Financial Services,
ICG.L,basis_gates,FRAMEWORK_METRIK_NA,BENIGN,True,False,5946215119.564799,Financial Services,
IFF,basis_gates,GATE_REVENUE_GROWTH,REVIEW,True,False,17201024008.192,Basic Materials,
III.L,basis_gates,FRAMEWORK_METRIK_NA,BENIGN,True,False,27055117508.812798,Financial Services,
INCH.L,basis_gates,GATE_GROSS_MARGIN,BENIGN,True,False,3357163143.0144,Consumer Cyclical,
INGA.AS,basis_gates,FRAMEWORK_METRIK_NA,BENIGN,True,False,74408607744.0,Financial Services,
INGR,basis_gates,GATE_REVENUE_GROWTH,BENIGN,True,False,5514430791.68,Consumer Defensive,
INVH,basis_gates,FRAMEWORK_METRIK_NA,BENIGN,True,False,15176908092.2112,Real Estate,
INVP.L,basis_gates,RESOLUTION_STATEMENT_UNAVAILABLE,REVIEW,True,False,4688498434.329599,Financial Services,
IRM,basis_gates,FRAMEWORK_METRIK_NA,BENIGN,True,False,32587338599.6288,Real Estate,
IRT,basis_gates,FRAMEWORK_METRIK_NA,BENIGN,True,False,3509259857.92,Real Estate,
ISP.MI,basis_gates,FRAMEWORK_METRIK_NA,BENIGN,True,False,101784002560.0,Financial Services,
ITV.L,basis_gates,GATE_GROSS_MARGIN,BENIGN,True,False,3580707048.0383997,Communication Services,
JBL,basis_gates,GATE_GROSS_MARGIN,BENIGN,True,False,34948066154.9056,Technology,
JEF,basis_gates,GATE_GROSS_MARGIN,BENIGN,True,False,10850638466.2528,Financial Services,
JLL,basis_gates,FRAMEWORK_METRIK_NA,BENIGN,True,False,11978680588.6976,Real Estate,
JMAT.L,basis_gates,GATE_GROSS_MARGIN,BENIGN,True,False,4015495453.2864,Basic Materials,
JMT.LS,basis_gates,GATE_GROSS_MARGIN,BENIGN,True,False,11160991744.0,Consumer Defensive,
JPM,basis_gates,FRAMEWORK_METRIK_NA,BENIGN,True,False,739748146787.1232,Financial Services,
KBC.BR,basis_gates,FRAMEWORK_METRIK_NA,BENIGN,True,False,45459746816.0,Financial Services,
KBH,basis_gates,GATE_REVENUE_GROWTH,BENIGN,False,False,2909848430.1824,Consumer Cyclical,
KD,basis_gates,GATE_REVENUE_GROWTH,BENIGN,False,False,2270559788.2368,Technology,
KER.PA,basis_gates,GATE_REVENUE_GROWTH,REVIEW,True,False,32904796160.0,Consumer Cyclical,
KEY,basis_gates,FRAMEWORK_METRIK_NA,BENIGN,True,False,21091037439.5904,Financial Services,
KIM,basis_gates,FRAMEWORK_METRIK_NA,BENIGN,True,False,15041135168.7168,Real Estate,
KNIN.SW,basis_gates,GATE_REVENUE_GROWTH,REVIEW,True,False,25195209346.048,Industrials,
KNSL,basis_gates,FRAMEWORK_METRIK_NA,BENIGN,True,False,6181664114.2784,Financial Services,
KNX,basis_gates,GATE_GROSS_MARGIN,BENIGN,True,False,11405394509.824,Industrials,
KRC,basis_gates,FRAMEWORK_METRIK_NA,BENIGN,True,False,3878000905.4208,Real Estate,
KRG,basis_gates,FRAMEWORK_METRIK_NA,BENIGN,True,False,5229626476.1344,Real Estate,
L,basis_gates,FRAMEWORK_METRIK_NA,BENIGN,True,False,19150847016.96,Financial Services,
LAD,basis_gates,GATE_GROSS_MARGIN,BENIGN,True,False,6152041355.6736,Consumer Cyclical,
LAMR,basis_gates,FRAMEWORK_METRIK_NA,BENIGN,True,False,13482437643.4688,Real Estate,
LAND.L,basis_gates,FRAMEWORK_METRIK_NA,BENIGN,True,False,5666875779.686399,Real Estate,
LANV,basis_gates,GATE_VOLUME,BENIGN,False,False,179275331.48160002,Consumer Cyclical,
LEA,basis_gates,GATE_GROSS_MARGIN,BENIGN,True,False,6259569682.0224,Consumer Cyclical,
LGEN.L,basis_gates,FRAMEWORK_METRIK_NA,BENIGN,True,False,17821287490.2528,Financial Services,
LH,basis_gates,GATE_GROSS_MARGIN,BENIGN,True,False,18787063516.3648,Healthcare,
LIGHT.AS,basis_gates,GATE_REVENUE_GROWTH,BENIGN,False,False,2426256384.0,Industrials,
LLOY.L,basis_gates,FRAMEWORK_METRIK_NA,BENIGN,True,False,69000929396.736,Financial Services,
LMT,basis_gates,GATE_GROSS_MARGIN,BENIGN,True,False,107238848095.8464,Industrials,
LPX,basis_gates,GATE_REVENUE_GROWTH,BENIGN,True,False,4512882471.7312,Industrials,
LXS.DE,basis_gates,GATE_MARKET_CAP,BENIGN,False,False,1387585024.0,Basic Materials,
LYB,basis_gates,GATE_GROSS_MARGIN,BENIGN,True,False,17943755633.4592,Basic Materials,
MAA,basis_gates,FRAMEWORK_METRIK_NA,BENIGN,True,False,14270384599.8592,Real Estate,
MAERSK-B.CO,basis_gates,GATE_GROSS_MARGIN,BENIGN,True,False,34323586761.687042,Industrials,
MB.MI,basis_gates,RESOLUTION_STATEMENT_UNAVAILABLE,REVIEW,True,False,20784388096.0,Financial Services,
MBG.DE,basis_gates,GATE_REVENUE_GROWTH,REVIEW,True,False,45966209024.0,Consumer Cyclical,
MCG.L,basis_gates,GATE_MARKET_CAP,BENIGN,False,False,157115301.3024,Industrials,
MCK,basis_gates,GATE_GROSS_MARGIN,BENIGN,True,False,81126945010.4832,Healthcare,
MDLZ,basis_gates,GATE_GROSS_MARGIN,BENIGN,True,False,69601795453.74721,Consumer Defensive,
MET,basis_gates,FRAMEWORK_METRIK_NA,BENIGN,True,False,49205845006.7456,Financial Services,
MF.PA,basis_gates,GATE_GROSS_MARGIN,BENIGN,True,False,3336771072.0,Financial Services,
MMS,basis_gates,GATE_GROSS_MARGIN,BENIGN,False,False,2816721604.608,Industrials,
MNG.L,basis_gates,FRAMEWORK_METRIK_NA,BENIGN,True,False,8869783047.7824,Financial Services,
MONY.L,basis_gates,GATE_MARKET_CAP,BENIGN,False,False,1094594939.9616,Communication Services,
MOS,basis_gates,GATE_GROSS_MARGIN,BENIGN,True,False,6208038695.7312,Basic Materials,
MPC,basis_gates,GATE_GROSS_MARGIN,BENIGN,True,False,66237399669.1456,Energy,
MRL.MC,basis_gates,FRAMEWORK_METRIK_NA,BENIGN,True,False,9434912768.0,Real Estate,
MRNA,basis_gates,GATE_GROSS_MARGIN,BENIGN,True,False,17046941414.1952,Healthcare,
MS,basis_gates,FRAMEWORK_METRIK_NA,BENIGN,True,False,290607846444.2368,Financial Services,
MT.AS,basis_gates,GATE_GROSS_MARGIN,BENIGN,True,False,46081925120.0,Basic Materials,
MTB,basis_gates,FRAMEWORK_METRIK_NA,BENIGN,True,False,29230771935.6416,Financial Services,
MTG,basis_gates,FRAMEWORK_METRIK_NA,BENIGN,True,False,4698731533.1072,Financial Services,
MUSA,basis_gates,GATE_GROSS_MARGIN,BENIGN,True,False,9897956481.4336,Consumer Cyclical,
MUV2.DE,basis_gates,FRAMEWORK_METRIK_NA,BENIGN,True,False,58721710080.0,Financial Services,
NDA-FI.HE,basis_gates,FRAMEWORK_METRIK_NA,BENIGN,True,False,55487873024.0,Financial Services,
NESN.SW,basis_gates,GATE_REVENUE_GROWTH,REVIEW,True,False,222717890497.74078,Consumer Defensive,
NEU,basis_gates,GATE_REVENUE_GROWTH,BENIGN,True,False,6598019163.750401,Basic Materials,
NEX.PA,basis_gates,GATE_GROSS_MARGIN,BENIGN,True,False,6381653504.0,Industrials,
NLY,basis_gates,FRAMEWORK_METRIK_NA,BENIGN,True,False,13877023735.808,Real Estate,
NN.AS,basis_gates,FRAMEWORK_METRIK_NA,BENIGN,True,False,19173787648.0,Financial Services,
NNN,basis_gates,FRAMEWORK_METRIK_NA,BENIGN,True,False,7629840318.464,Real Estate,
NRG,basis_gates,GATE_GROSS_MARGIN,BENIGN,True,False,22787504393.4208,Utilities,
NSA,basis_gates,FRAMEWORK_METRIK_NA,BENIGN,True,False,5787654496.2560005,Real Estate,
NTGY.MC,basis_gates,GATE_REVENUE_GROWTH,REVIEW,True,False,27273027584.0,Utilities,
NTRS,basis_gates,FRAMEWORK_METRIK_NA,BENIGN,True,False,27770387962.265602,Financial Services,
NUE,basis_gates,GATE_GROSS_MARGIN,BENIGN,True,False,52215097353.8304,Basic Materials,
NVR,basis_gates,GATE_REVENUE_GROWTH,REVIEW,True,False,14812472311.808,Consumer Cyclical,
NWG.L,basis_gates,FRAMEWORK_METRIK_NA,BENIGN,True,False,56602128809.164795,Financial Services,
NXT,basis_gates,GATE_GROSS_MARGIN,BENIGN,True,False,15966203681.1776,Technology,
O,basis_gates,FRAMEWORK_METRIK_NA,BENIGN,True,False,50344690293.1456,Real Estate,
OCDO.L,basis_gates,GATE_MARKET_CAP,BENIGN,False,False,1906067065.3056,Consumer Defensive,
OCI.AS,basis_gates,GATE_MARKET_CAP,BENIGN,False,False,765819520.0,Basic Materials,
ODFL,basis_gates,GATE_REVENUE_GROWTH,REVIEW,True,False,43993945997.312004,Industrials,
OERL.SW,basis_gates,GATE_MARKET_CAP,BENIGN,False,False,1347493986.9184,Industrials,
OGS,basis_gates,GATE_REVENUE_GROWTH,BENIGN,True,False,4202141219.2256002,Utilities,
OHI,basis_gates,FRAMEWORK_METRIK_NA,BENIGN,True,False,12284408542.0032,Real Estate,
OKE,basis_gates,GATE_GROSS_MARGIN,BENIGN,True,False,49129877327.0528,Energy,
OLN,basis_gates,GATE_GROSS_MARGIN,BENIGN,False,False,2463825447.3216,Basic Materials,
OMC,basis_gates,GATE_GROSS_MARGIN,BENIGN,True,False,18812160422.7072,Communication Services,
OMV.VI,basis_gates,GATE_REVENUE_GROWTH,REVIEW,True,False,19136262144.0,Energy,
ONB,basis_gates,FRAMEWORK_METRIK_NA,BENIGN,True,False,8361309539.5328,Financial Services,
ONTEX.BR,basis_gates,GATE_VOLUME,BENIGN,False,False,196543104.0,Consumer Defensive,
ORA,basis_gates,GATE_GROSS_MARGIN,BENIGN,True,False,7308556373.1968,Utilities,
ORI,basis_gates,FRAMEWORK_METRIK_NA,BENIGN,True,False,8086251959.0912,Financial Services,
OXY,basis_gates,GATE_REVENUE_GROWTH,REVIEW,True,False,48408505221.12,Energy,
OZK,basis_gates,FRAMEWORK_METRIK_NA,BENIGN,True,False,4895835947.008,Financial Services,
P911.DE,basis_gates,GATE_REVENUE_GROWTH,REVIEW,True,False,44730097664.0,Consumer Cyclical,
PAG,basis_gates,GATE_GROSS_MARGIN,BENIGN,True,False,10241786390.1184,Consumer Cyclical,
PAH3.DE,basis_gates,FRAMEWORK_METRIK_NA,BENIGN,True,False,9444749312.0,Consumer Cyclical,
PB,basis_gates,FRAMEWORK_METRIK_NA,BENIGN,True,False,6308897901.7728,Financial Services,
PBB.DE,basis_gates,GATE_MARKET_CAP,BENIGN,False,False,472008352.0,Financial Services,
PBF,basis_gates,GATE_GROSS_MARGIN,BENIGN,True,False,4266074336.4608,Energy,
PCAR,basis_gates,GATE_REVENUE_GROWTH,REVIEW,True,False,53692782608.384,Industrials,
PFG,basis_gates,FRAMEWORK_METRIK_NA,BENIGN,True,False,20661107477.7088,Financial Services,
PFGC,basis_gates,GATE_GROSS_MARGIN,BENIGN,True,False,14072652146.2784,Consumer Defensive,
PGR,basis_gates,FRAMEWORK_METRIK_NA,BENIGN,True,False,102017443430.4,Financial Services,
PII,basis_gates,GATE_GROSS_MARGIN,BENIGN,True,False,3473272743.5264,Consumer Cyclical,
PK,basis_gates,FRAMEWORK_METRIK_NA,BENIGN,False,False,2513317838.848,Real Estate,
PLD,basis_gates,FRAMEWORK_METRIK_NA,BENIGN,True,False,119974791164.7232,Real Estate,
PNC,basis_gates,FRAMEWORK_METRIK_NA,BENIGN,True,False,82151179445.8624,Financial Services,
PNFP,basis_gates,FRAMEWORK_METRIK_NA,BENIGN,True,False,12533810370.9696,Financial Services,
PNL.AS,basis_gates,GATE_MARKET_CAP,BENIGN,False,False,498252672.0,Industrials,
PPC,basis_gates,GATE_GROSS_MARGIN,BENIGN,True,False,6158432375.6032,Consumer Defensive,
PRI,basis_gates,FRAMEWORK_METRIK_NA,BENIGN,True,False,7570049178.0096,Financial Services,
PRU,basis_gates,FRAMEWORK_METRIK_NA,BENIGN,True,False,32439056007.168,Financial Services,
PRU.L,basis_gates,FRAMEWORK_METRIK_NA,BENIGN,True,False,28403435759.0016,Financial Services,
PSA,basis_gates,FRAMEWORK_METRIK_NA,BENIGN,True,False,49252721007.0016,Real Estate,
PSX,basis_gates,GATE_GROSS_MARGIN,BENIGN,True,False,61932656158.3104,Energy,
PUM.DE,basis_gates,GATE_REVENUE_GROWTH,BENIGN,True,False,4129209856.0,Consumer Cyclical,
QLT.L,basis_gates,GATE_GROSS_MARGIN,BENIGN,True,False,3074264385.0239997,Financial Services,
RBI.VI,basis_gates,FRAMEWORK_METRIK_NA,BENIGN,True,False,16531798016.0,Financial Services,
RCO.PA,basis_gates,GATE_REVENUE_GROWTH,BENIGN,False,False,2332398848.0,Consumer Defensive,
REG,basis_gates,FRAMEWORK_METRIK_NA,BENIGN,True,False,12918145974.272,Real Estate,
REXR,basis_gates,FRAMEWORK_METRIK_NA,BENIGN,True,False,6988472975.36,Real Estate,
RF,basis_gates,FRAMEWORK_METRIK_NA,BENIGN,True,False,21501423688.0896,Financial Services,
RGA,basis_gates,FRAMEWORK_METRIK_NA,BENIGN,True,False,11868060984.9344,Financial Services,
RIO.L,basis_gates,GATE_GROSS_MARGIN,BENIGN,True,False,147115126193.35678,Basic Materials,
RJF,basis_gates,FRAMEWORK_METRIK_NA,BENIGN,True,False,25901421205.9136,Financial Services,
RLI,basis_gates,FRAMEWORK_METRIK_NA,BENIGN,True,False,4301286868.5824,Financial Services,
RNR,basis_gates,FRAMEWORK_METRIK_NA,BENIGN,True,False,11041850766.1312,Financial Services,
ROIV,basis_gates,GATE_GROSS_MARGIN,BENIGN,True,False,18599205168.7424,Healthcare,
RS,basis_gates,GATE_GROSS_MARGIN,BENIGN,True,False,18167175571.046402,Basic Materials,
RTO.L,basis_gates,GATE_GROSS_MARGIN,BENIGN,True,False,13213599701.913599,Industrials,
RWE.DE,basis_gates,GATE_REVENUE_GROWTH,REVIEW,True,False,41001431040.0,Utilities,
RXL.PA,basis_gates,GATE_GROSS_MARGIN,BENIGN,True,False,10689278976.0,Technology,
RYAN,basis_gates,FRAMEWORK_METRIK_NA,BENIGN,True,False,8098528041.3696,Financial Services,
RYN,basis_gates,FRAMEWORK_METRIK_NA,BENIGN,True,False,5706473866.8544,Real Estate,
SAB.MC,basis_gates,FRAMEWORK_METRIK_NA,BENIGN,True,False,14388604928.0,Financial Services,
SAIA,basis_gates,GATE_GROSS_MARGIN,BENIGN,True,False,11057208429.7728,Industrials,
SAIC,basis_gates,GATE_GROSS_MARGIN,BENIGN,True,False,4141760382.5664,Technology,
SAM,basis_gates,GATE_MARKET_CAP,BENIGN,False,False,1630442133.9136,Consumer Defensive,
SAMPO.HE,basis_gates,FRAMEWORK_METRIK_NA,BENIGN,True,False,23846176768.0,Financial Services,
SAN.MC,basis_gates,FRAMEWORK_METRIK_NA,BENIGN,True,False,158335549440.0,Financial Services,
SATS,basis_gates,GATE_REVENUE_GROWTH,REVIEW,True,False,28459704922.931202,Communication Services,
SBAC,basis_gates,FRAMEWORK_METRIK_NA,BENIGN,True,False,18697129997.1072,Real Estate,
SBRA,basis_gates,FRAMEWORK_METRIK_NA,BENIGN,True,False,4066006456.7296,Real Estate,
SBRY.L,basis_gates,GATE_GROSS_MARGIN,BENIGN,True,False,8016909125.375999,Consumer Defensive,
SCHP.SW,basis_gates,GATE_REVENUE_GROWTH,REVIEW,True,False,30417658125.5168,Industrials,
SCHW,basis_gates,FRAMEWORK_METRIK_NA,BENIGN,True,False,136381059825.664,Financial Services,
SCR.PA,basis_gates,FRAMEWORK_METRIK_NA,BENIGN,True,False,5545388544.0,Financial Services,
SEB-A.ST,basis_gates,FRAMEWORK_METRIK_NA,BENIGN,True,False,33735233765.376003,Financial Services,
SECU-B.ST,basis_gates,GATE_GROSS_MARGIN,BENIGN,True,False,8617774641.31584,Industrials,
SF,basis_gates,FRAMEWORK_METRIK_NA,BENIGN,True,False,9594626097.152,Financial Services,
SFOR.L,basis_gates,GATE_MARKET_CAP,BENIGN,False,False,288304513.1088,Communication Services,
SGO.PA,basis_gates,GATE_REVENUE_GROWTH,REVIEW,True,False,36877594624.0,Industrials,
SGRO.L,basis_gates,FRAMEWORK_METRIK_NA,BENIGN,True,False,11755525712.486399,Real Estate,
SHB-B.ST,basis_gates,FRAMEWORK_METRIK_NA,BENIGN,True,False,41678807551.1808,Financial Services,
SIGI,basis_gates,FRAMEWORK_METRIK_NA,BENIGN,True,False,4762412553.0112,Financial Services,
SKA-B.ST,basis_gates,GATE_GROSS_MARGIN,BENIGN,True,False,9102772419.95264,Industrials,
SKF-B.ST,basis_gates,GATE_REVENUE_GROWTH,BENIGN,True,False,9919234892.10368,Industrials,
SLHN.SW,basis_gates,FRAMEWORK_METRIK_NA,BENIGN,True,False,25982586370.048,Financial Services,
SLM,basis_gates,FRAMEWORK_METRIK_NA,BENIGN,True,False,3633187953.0496,Financial Services,
SMCI,basis_gates,GATE_GROSS_MARGIN,BENIGN,True,False,15769172869.12,Technology,
SMT.L,basis_gates,FRAMEWORK_METRIK_NA,BENIGN,True,False,18743415656.447998,,
SNX,basis_gates,GATE_GROSS_MARGIN,BENIGN,True,False,19478007650.7136,Technology,
SOLB.BR,basis_gates,GATE_GROSS_MARGIN,BENIGN,False,False,2800009728.0,Basic Materials,
SOON.SW,basis_gates,GATE_REVENUE_GROWTH,REVIEW,True,False,12928279693.4144,Healthcare,
SPG,basis_gates,FRAMEWORK_METRIK_NA,BENIGN,True,False,71645017879.3472,Real Estate,
SREN.SW,basis_gates,FRAMEWORK_METRIK_NA,BENIGN,True,False,38634961377.6896,Financial Services,
SSB,basis_gates,FRAMEWORK_METRIK_NA,BENIGN,True,False,8319828951.04,Financial Services,
SSE.L,basis_gates,GATE_REVENUE_GROWTH,REVIEW,True,False,33511075681.0752,Utilities,
STAG,basis_gates,FRAMEWORK_METRIK_NA,BENIGN,True,False,6516279248.4864,Real Estate,
STAN.L,basis_gates,FRAMEWORK_METRIK_NA,BENIGN,True,False,48635533436.928,Financial Services,
STERV.HE,basis_gates,GATE_REVENUE_GROWTH,BENIGN,True,False,7611760128.0,Consumer Cyclical,
STJ.L,basis_gates,FRAMEWORK_METRIK_NA,BENIGN,True,False,6909433967.1552,Financial Services,
STLAM.MI,basis_gates,GATE_GROSS_MARGIN,BENIGN,True,False,17072116736.0,Consumer Cyclical,
STLD,basis_gates,GATE_GROSS_MARGIN,BENIGN,True,False,35101366013.1328,Basic Materials,
STT,basis_gates,FRAMEWORK_METRIK_NA,BENIGN,True,False,39936353068.6464,Financial Services,
STWD,basis_gates,FRAMEWORK_METRIK_NA,BENIGN,True,False,5565868784.0256,Real Estate,
SW.PA,basis_gates,GATE_GROSS_MARGIN,BENIGN,True,False,7350126592.0,Industrials,
SWED-A.ST,basis_gates,FRAMEWORK_METRIK_NA,BENIGN,True,False,35778858812.70272,Financial Services,
SWKS,basis_gates,GATE_REVENUE_GROWTH,BENIGN,True,False,9576855879.68,Technology,
SWX,basis_gates,GATE_REVENUE_GROWTH,BENIGN,True,False,5545348854.5792,Utilities,
SYF,basis_gates,FRAMEWORK_METRIK_NA,BENIGN,True,False,21241204591.8208,Financial Services,
SYY,basis_gates,GATE_GROSS_MARGIN,BENIGN,True,False,32596156717.4656,Consumer Defensive,
TCBI,basis_gates,FRAMEWORK_METRIK_NA,BENIGN,True,False,3815958518.1696,Financial Services,
TEF.MC,basis_gates,GATE_REVENUE_GROWTH,REVIEW,True,False,22241587200.0,Communication Services,
TFC,basis_gates,FRAMEWORK_METRIK_NA,BENIGN,True,False,55402915705.6512,Financial Services,
THG,basis_gates,FRAMEWORK_METRIK_NA,BENIGN,True,False,5952551272.448,Financial Services,
THO,basis_gates,GATE_GROSS_MARGIN,BENIGN,True,False,3458063605.76,Consumer Cyclical,
TIT.MI,basis_gates,GATE_MARKET_CAP,BENIGN,False,False,1678308480.0,Communication Services,
TKA.DE,basis_gates,GATE_GROSS_MARGIN,BENIGN,True,False,7099974144.0,Industrials,
TLX.DE,basis_gates,FRAMEWORK_METRIK_NA,BENIGN,True,False,26132772864.0,Financial Services,
TMHC,basis_gates,GATE_REVENUE_GROWTH,BENIGN,True,False,5698653120.1024,Consumer Cyclical,
TMV.DE,basis_gates,GATE_MARKET_CAP,BENIGN,False,False,848402112.0,Technology,
TOM2.AS,basis_gates,GATE_MARKET_CAP,BENIGN,False,False,643634816.0,Technology,
TPK.L,basis_gates,GATE_MARKET_CAP,BENIGN,False,False,1373385474.4703999,Industrials,
TRV,basis_gates,FRAMEWORK_METRIK_NA,BENIGN,True,False,55729739621.9904,Financial Services,
TRYG.CO,basis_gates,FRAMEWORK_METRIK_NA,BENIGN,True,False,12035669863.956482,Financial Services,
TSCO.L,basis_gates,GATE_GROSS_MARGIN,BENIGN,True,False,34410661853.7984,Consumer Defensive,
TSN,basis_gates,GATE_GROSS_MARGIN,BENIGN,True,False,17407779078.144,Consumer Defensive,
TTMI,basis_gates,GATE_GROSS_MARGIN,BENIGN,True,False,17346930186.6496,Technology,
TUI1.DE,basis_gates,GATE_GROSS_MARGIN,BENIGN,True,False,3592611840.0,Consumer Cyclical,
TXRH,basis_gates,GATE_GROSS_MARGIN,BENIGN,True,False,9497528077.5168,Consumer Cyclical,
UBI.PA,basis_gates,GATE_MARKET_CAP,BENIGN,False,False,654848256.0,Communication Services,
UBSG.SW,basis_gates,FRAMEWORK_METRIK_NA,BENIGN,True,False,138331932489.3184,Financial Services,
UBSI,basis_gates,FRAMEWORK_METRIK_NA,BENIGN,True,False,5414867330.6624,Financial Services,
UCG.MI,basis_gates,FRAMEWORK_METRIK_NA,BENIGN,True,False,109823737856.0,Financial Services,
UDR,basis_gates,FRAMEWORK_METRIK_NA,BENIGN,True,False,12566231321.8048,Real Estate,
UFPI,basis_gates,GATE_GROSS_MARGIN,BENIGN,True,False,4111153474.7648,Basic Materials,
UHR.SW,basis_gates,GATE_REVENUE_GROWTH,REVIEW,True,False,11806714864.3328,Consumer Cyclical,
ULVR.L,basis_gates,GATE_REVENUE_GROWTH,REVIEW,True,False,109953923845.3248,Consumer Defensive,
UMBF,basis_gates,FRAMEWORK_METRIK_NA,BENIGN,True,False,8853534867.456,Financial Services,
UMI.BR,basis_gates,GATE_GROSS_MARGIN,BENIGN,True,False,5446321664.0,Industrials,
UNH,basis_gates,GATE_GROSS_MARGIN,BENIGN,True,False,319352611746.6112,Healthcare,
UNM,basis_gates,FRAMEWORK_METRIK_NA,BENIGN,True,False,12753656872.960001,Financial Services,
UPM.HE,basis_gates,GATE_GROSS_MARGIN,BENIGN,True,False,13024904192.0,Basic Materials,
UPS,basis_gates,GATE_REVENUE_GROWTH,REVIEW,True,False,79095188606.1568,Industrials,
URW.PA,basis_gates,FRAMEWORK_METRIK_NA,BENIGN,True,False,14536824832.0,Real Estate,
USB,basis_gates,FRAMEWORK_METRIK_NA,BENIGN,True,False,79032379349.4016,Financial Services,
USFD,basis_gates,GATE_GROSS_MARGIN,BENIGN,True,False,17690374897.664,Consumer Defensive,
UTG.L,basis_gates,FRAMEWORK_METRIK_NA,BENIGN,True,False,3165938813.7216,Real Estate,
VAL,basis_gates,GATE_GROSS_MARGIN,BENIGN,True,False,5362092605.440001,Energy,
VER.VI,basis_gates,GATE_REVENUE_GROWTH,REVIEW,True,False,20028514304.0,Utilities,
VICI,basis_gates,FRAMEWORK_METRIK_NA,BENIGN,True,False,26434970222.592,Real Estate,
VIE.PA,basis_gates,GATE_GROSS_MARGIN,BENIGN,True,False,25964406784.0,Industrials,
VIG.VI,basis_gates,FRAMEWORK_METRIK_NA,BENIGN,True,False,8217599488.0,Financial Services,
VITR.ST,basis_gates,GATE_MARKET_CAP,BENIGN,False,False,1186929059.4304001,Healthcare,
VIV.PA,basis_gates,GATE_REVENUE_GROWTH,BENIGN,False,False,2133800320.0,Communication Services,
VK.PA,basis_gates,GATE_REVENUE_GROWTH,BENIGN,True,False,5649321472.0,Basic Materials,
VLO,basis_gates,GATE_GROSS_MARGIN,BENIGN,True,False,66115983953.1008,Energy,
VLY,basis_gates,FRAMEWORK_METRIK_NA,BENIGN,True,False,6978456954.4704,Financial Services,
VNA.DE,basis_gates,GATE_REVENUE_GROWTH,REVIEW,True,False,17299390464.0,Real Estate,
VNO,basis_gates,FRAMEWORK_METRIK_NA,BENIGN,True,False,6746425601.2288,Real Estate,
VOE.VI,basis_gates,GATE_GROSS_MARGIN,BENIGN,True,False,7989598720.0,Basic Materials,
VOYA,basis_gates,FRAMEWORK_METRIK_NA,BENIGN,True,False,7139608410.5216,Financial Services,
VPLAY-B.ST,basis_gates,GATE_MARKET_CAP,BENIGN,False,False,617178735.24736,Communication Services,
VTR,basis_gates,FRAMEWORK_METRIK_NA,BENIGN,True,False,35404669072.1792,Real Estate,
VWS.CO,basis_gates,GATE_GROSS_MARGIN,BENIGN,True,False,21794474704.40448,Industrials,
WAL,basis_gates,FRAMEWORK_METRIK_NA,BENIGN,True,False,7863872143.36,Financial Services,
WBS,basis_gates,FRAMEWORK_METRIK_NA,BENIGN,True,False,10308406194.9952,Financial Services,
WDP.BR,basis_gates,FRAMEWORK_METRIK_NA,BENIGN,True,False,5330450944.0,Real Estate,
WELL,basis_gates,FRAMEWORK_METRIK_NA,BENIGN,True,False,130177096115.8144,Real Estate,
WFC,basis_gates,FRAMEWORK_METRIK_NA,BENIGN,True,False,220562500721.0496,Financial Services,
WHR,basis_gates,GATE_GROSS_MARGIN,BENIGN,False,False,2393250975.744,Consumer Cyclical,
WLK,basis_gates,GATE_GROSS_MARGIN,BENIGN,True,False,9760508785.4592,Basic Materials,
WLN.PA,basis_gates,GATE_VOLUME,BENIGN,False,False,648006016.0,Technology,
WPC,basis_gates,FRAMEWORK_METRIK_NA,BENIGN,True,False,14707901281.075201,Real Estate,
WPP.L,basis_gates,GATE_GROSS_MARGIN,BENIGN,True,False,3513582231.3216,Communication Services,
WRB,basis_gates,FRAMEWORK_METRIK_NA,BENIGN,True,False,21877517647.872,Financial Services,
WTFC,basis_gates,FRAMEWORK_METRIK_NA,BENIGN,True,False,9246481445.6832,Financial Services,
WY,basis_gates,FRAMEWORK_METRIK_NA,BENIGN,True,False,15423736060.3136,Real Estate,
XPO,basis_gates,GATE_GROSS_MARGIN,BENIGN,True,False,23076517235.9168,Industrials,
XRAY,basis_gates,GATE_MARKET_CAP,BENIGN,False,False,1739931817.1648,Healthcare,
YAR.OL,basis_gates,GATE_GROSS_MARGIN,BENIGN,True,False,10868194068.070398,Basic Materials,
ZION,basis_gates,FRAMEWORK_METRIK_NA,BENIGN,True,False,8514969033.1136,Financial Services,
ZURN.SW,basis_gates,FRAMEWORK_METRIK_NA,BENIGN,True,False,91364192561.5616,Financial Services,
AES,edgar_gates,GATE_RESTATEMENT,BENIGN,True,False,9011848465.6128,Utilities,
AXON,edgar_gates,GATE_RESTATEMENT,BENIGN,True,False,30648230608.896,Industrials,
CPAY,edgar_gates,GATE_RESTATEMENT,BENIGN,True,False,20036008345.6,Technology,
DOCN,edgar_gates,GATE_RESTATEMENT,BENIGN,True,False,15311766061.056,Technology,
MPWR,edgar_gates,GATE_RESTATEMENT,BENIGN,True,False,66706603927.1424,Technology,
RGEN,edgar_gates,GATE_RESTATEMENT,BENIGN,True,False,6340899278.0288,Healthcare,
SITM,edgar_gates,GATE_RESTATEMENT,BENIGN,True,False,16584845243.1872,Technology,
TRU,edgar_gates,GATE_RESTATEMENT,BENIGN,True,False,10975082876.1088,Financial Services,
MCD,scoring,SCORE_NOT_SCORED,REVIEW,True,False,174190779747.5328,Consumer Cyclical,
8TRA.DE,crosshits,SCORE_BELOW_THRESHOLD,BENIGN,True,False,16979999744.0,Industrials,
AAL,crosshits,SCORE_BELOW_THRESHOLD,BENIGN,True,False,8528418337.5872,Industrials,
AAL.L,crosshits,SCORE_BELOW_THRESHOLD,BENIGN,True,False,49643271387.9552,Basic Materials,
ACI,crosshits,SCORE_BELOW_THRESHOLD,BENIGN,True,False,6559969214.464,Consumer Defensive,
ACS.MC,crosshits,SCORE_BELOW_THRESHOLD,BENIGN,True,False,33375973376.0,Industrials,
AEP,crosshits,SCORE_BELOW_THRESHOLD,BENIGN,True,False,60526883871.1296,Utilities,
AF.PA,crosshits,SCORE_BELOW_THRESHOLD,BENIGN,True,False,3097256960.0,Industrials,
AFX.DE,crosshits,SCORE_BELOW_THRESHOLD,BENIGN,False,False,2188401920.0,Healthcare,
AGCO,crosshits,SCORE_BELOW_THRESHOLD,BENIGN,True,False,7011418239.7952,Industrials,
AIR.PA,crosshits,SCORE_BELOW_THRESHOLD,BENIGN,True,False,141134249984.0,Industrials,
AIXA.DE,crosshits,SCORE_BELOW_THRESHOLD,BENIGN,True,False,6428793856.0,Technology,
ALC.SW,crosshits,SCORE_BELOW_THRESHOLD,BENIGN,True,False,28127260294.3488,Healthcare,
ALK,crosshits,SCORE_BELOW_THRESHOLD,BENIGN,True,False,4538842767.36,Industrials,
AM,crosshits,SCORE_BELOW_THRESHOLD,BENIGN,True,False,8860056784.0768,Energy,
AMBU-B.CO,crosshits,SCORE_BELOW_THRESHOLD,BENIGN,False,False,2227446698.3833604,Healthcare,
AMCR,crosshits,SCORE_BELOW_THRESHOLD,BENIGN,True,False,16158278929.6128,Consumer Cyclical,
ANA.MC,crosshits,SCORE_BELOW_THRESHOLD,BENIGN,True,False,14149515264.0,Industrials,
ANF,crosshits,SCORE_BELOW_THRESHOLD,BENIGN,True,False,3464014336.8192,Consumer Cyclical,
APG,crosshits,SCORE_BELOW_THRESHOLD,BENIGN,True,False,15789545154.1504,Industrials,
APO,crosshits,SCORE_BELOW_THRESHOLD,BENIGN,True,False,66440128233.472,Financial Services,
APTV,crosshits,SCORE_BELOW_THRESHOLD,BENIGN,True,False,12396189027.5328,Consumer Cyclical,
ARES,crosshits,SCORE_BELOW_THRESHOLD,BENIGN,True,False,38302420356.300804,Financial Services,
ARWR,crosshits,SCORE_BELOW_THRESHOLD,BENIGN,True,False,9035528867.0208,Healthcare,
ASH,crosshits,SCORE_BELOW_THRESHOLD,BENIGN,False,False,2561129508.0448,Basic Materials,
AVNT,crosshits,SCORE_BELOW_THRESHOLD,BENIGN,False,False,2980929520.4352,Basic Materials,
AVTR,crosshits,SCORE_BELOW_THRESHOLD,BENIGN,True,False,5518652099.7888,Healthcare,
AXTA,crosshits,SCORE_BELOW_THRESHOLD,BENIGN,True,False,6099767740.0064,Basic Materials,
AYI,crosshits,SCORE_BELOW_THRESHOLD,BENIGN,True,False,7756565944.7296,Industrials,
AZE.BR,crosshits,SCORE_BELOW_THRESHOLD,BENIGN,False,False,2538448384.0,Basic Materials,
BA.L,crosshits,SCORE_BELOW_THRESHOLD,BENIGN,True,False,64910518416.9984,Industrials,
BALD-B.ST,crosshits,SCORE_BELOW_THRESHOLD,BENIGN,True,False,5553030572.2777605,Real Estate,
BAX,crosshits,SCORE_BELOW_THRESHOLD,BENIGN,True,False,9273866620.1088,Healthcare,
BBY,crosshits,SCORE_BELOW_THRESHOLD,BENIGN,True,False,14247567147.008,Consumer Cyclical,
BDC,crosshits,SCORE_BELOW_THRESHOLD,BENIGN,True,False,3856489334.3744,Technology,
BEI.DE,crosshits,SCORE_BELOW_THRESHOLD,BENIGN,True,False,15414666240.0,Consumer Defensive,
BEN,crosshits,SCORE_BELOW_THRESHOLD,BENIGN,True,False,14371866997.5552,Financial Services,
BIIB,crosshits,SCORE_BELOW_THRESHOLD,BENIGN,True,False,25423561018.5728,Healthcare,
BILL,crosshits,SCORE_BELOW_THRESHOLD,BENIGN,False,False,2844616482.816,Technology,
BIO,crosshits,SCORE_BELOW_THRESHOLD,BENIGN,True,False,6587023400.96,Healthcare,
BJ,crosshits,SCORE_BELOW_THRESHOLD,BENIGN,True,False,10006902194.176,Consumer Defensive,
BKG.L,crosshits,SCORE_BELOW_THRESHOLD,BENIGN,True,False,3635910333.2352,Consumer Cyclical,
BKR,crosshits,SCORE_BELOW_THRESHOLD,BENIGN,True,False,53919835920.7936,Energy,
BME.L,crosshits,SCORE_BELOW_THRESHOLD,BENIGN,False,False,2334046934.976,Consumer Defensive,
BMRN,crosshits,SCORE_BELOW_THRESHOLD,BENIGN,True,False,9308918726.656,Healthcare,
BOSS.DE,crosshits,SCORE_BELOW_THRESHOLD,BENIGN,False,False,2726138624.0,Consumer Cyclical,
BP.L,crosshits,SCORE_BELOW_THRESHOLD,BENIGN,True,False,95605517633.12639,Energy,
BR,crosshits,SCORE_BELOW_THRESHOLD,BENIGN,True,False,14423063029.3504,Technology,
BRBY.L,crosshits,SCORE_BELOW_THRESHOLD,BENIGN,True,False,4888386286.5408,Consumer Cyclical,
BRKR,crosshits,SCORE_BELOW_THRESHOLD,BENIGN,True,False,7106072854.528,Healthcare,
BTRW.L,crosshits,SCORE_BELOW_THRESHOLD,BENIGN,True,False,4003198419.456,Consumer Cyclical,
BURL,crosshits,SCORE_BELOW_THRESHOLD,BENIGN,True,False,18304831291.392002,Consumer Cyclical,
BWA,crosshits,SCORE_BELOW_THRESHOLD,BENIGN,True,False,13155705398.8864,Consumer Cyclical,
BYD,crosshits,SCORE_BELOW_THRESHOLD,BENIGN,True,False,5595988244.8896,Consumer Cyclical,
CA.PA,crosshits,SCORE_BELOW_THRESHOLD,BENIGN,True,False,11834831872.0,Consumer Defensive,
CACI,crosshits,SCORE_BELOW_THRESHOLD,BENIGN,True,False,9877012129.3824,Technology,
CAG,crosshits,SCORE_BELOW_THRESHOLD,BENIGN,True,False,5658663519.8464,Consumer Defensive,
CAP.PA,crosshits,SCORE_BELOW_THRESHOLD,BENIGN,True,False,16165821440.0,Technology,
CAR,crosshits,SCORE_BELOW_THRESHOLD,BENIGN,True,False,5689897145.1392,Industrials,
CARR,crosshits,SCORE_BELOW_THRESHOLD,BENIGN,True,False,49983108677.632,Industrials,
CAST.ST,crosshits,SCORE_BELOW_THRESHOLD,BENIGN,True,False,5228368570.61376,Real Estate,
CASY,crosshits,SCORE_BELOW_THRESHOLD,BENIGN,True,False,28561425314.6112,Consumer Cyclical,
CCL,crosshits,SCORE_BELOW_THRESHOLD,BENIGN,True,False,34792136022.4256,Consumer Cyclical,
CDW,crosshits,SCORE_BELOW_THRESHOLD,BENIGN,True,False,14536956372.5824,Technology,
CHDN,crosshits,SCORE_BELOW_THRESHOLD,BENIGN,True,False,5215974436.0448,Consumer Cyclical,
CHE,crosshits,SCORE_BELOW_THRESHOLD,BENIGN,True,False,4791182059.1104,Healthcare,
CHH,crosshits,SCORE_BELOW_THRESHOLD,BENIGN,True,False,4290645452.3904,Consumer Cyclical,
CHRD,crosshits,SCORE_BELOW_THRESHOLD,BENIGN,True,False,6558892512.0512,Energy,
CHTR,crosshits,SCORE_BELOW_THRESHOLD,BENIGN,True,False,19666560588.1856,Communication Services,
CL,crosshits,SCORE_BELOW_THRESHOLD,BENIGN,True,False,61613419842.7648,Consumer Defensive,
CLH,crosshits,SCORE_BELOW_THRESHOLD,BENIGN,True,False,13091073284.5056,Industrials,
CLX,crosshits,SCORE_BELOW_THRESHOLD,BENIGN,True,False,10077906377.1136,Consumer Defensive,
CMC,crosshits,SCORE_BELOW_THRESHOLD,BENIGN,True,False,7422336889.6512,Industrials,
CMCSA,crosshits,SCORE_BELOW_THRESHOLD,BENIGN,True,False,75336872230.912,Communication Services,
CMS,crosshits,SCORE_BELOW_THRESHOLD,BENIGN,True,False,19563586761.5232,Utilities,
CNA.L,crosshits,SCORE_BELOW_THRESHOLD,BENIGN,True,False,9741892053.8112,Utilities,
CNM,crosshits,SCORE_BELOW_THRESHOLD,BENIGN,True,False,8051742831.411201,Industrials,
CNP,crosshits,SCORE_BELOW_THRESHOLD,BENIGN,True,False,24157380136.1408,Utilities,
COIN,crosshits,SCORE_BELOW_THRESHOLD,BENIGN,True,False,36236029657.088,Financial Services,
COKE,crosshits,SCORE_BELOW_THRESHOLD,BENIGN,True,False,10765823580.569601,Consumer Defensive,
COLM,crosshits,SCORE_BELOW_THRESHOLD,BENIGN,False,False,2949033258.1888,Consumer Cyclical,
COLR.BR,crosshits,SCORE_BELOW_THRESHOLD,BENIGN,True,False,4265135360.0,Consumer Defensive,
COO,crosshits,SCORE_BELOW_THRESHOLD,BENIGN,True,False,11395854476.902401,Healthcare,
CPB,crosshits,SCORE_BELOW_THRESHOLD,BENIGN,True,False,5855234210.2016,Consumer Defensive,
CPR.MI,crosshits,SCORE_BELOW_THRESHOLD,BENIGN,True,False,6516599296.0,Consumer Defensive,
CRDA.L,crosshits,SCORE_BELOW_THRESHOLD,BENIGN,True,False,4923800570.3424,Basic Materials,
CRH,crosshits,SCORE_BELOW_THRESHOLD,BENIGN,True,False,61245886614.7328,Basic Materials,
CRL,crosshits,SCORE_BELOW_THRESHOLD,BENIGN,True,False,7774686101.504,Healthcare,
CSL,crosshits,SCORE_BELOW_THRESHOLD,BENIGN,True,False,11974312076.902401,Industrials,
CTEC.L,crosshits,SCORE_BELOW_THRESHOLD,BENIGN,True,False,4584173697.3312,Healthcare,
CTSH,crosshits,SCORE_BELOW_THRESHOLD,BENIGN,True,False,21241453163.3152,Technology,
CVLT,crosshits,SCORE_BELOW_THRESHOLD,BENIGN,True,False,4536571247.0016,Technology,
CVX,crosshits,SCORE_BELOW_THRESHOLD,BENIGN,True,False,320963834544.128,Energy,
CXT,crosshits,SCORE_BELOW_THRESHOLD,BENIGN,False,False,2103644029.7472,Industrials,
D,crosshits,SCORE_BELOW_THRESHOLD,BENIGN,True,False,51413600606.6176,Utilities,
DAL,crosshits,SCORE_BELOW_THRESHOLD,BENIGN,True,False,46973814020.5056,Industrials,
DAR,crosshits,SCORE_BELOW_THRESHOLD,BENIGN,True,False,7796498690.8672,Consumer Defensive,
DD,crosshits,SCORE_BELOW_THRESHOLD,BENIGN,True,False,16827012055.04,Basic Materials,
DG,crosshits,SCORE_BELOW_THRESHOLD,BENIGN,True,False,21798337930.8544,Consumer Defensive,
DG.PA,crosshits,SCORE_BELOW_THRESHOLD,BENIGN,True,False,69817647104.0,Industrials,
DGX,crosshits,SCORE_BELOW_THRESHOLD,BENIGN,True,False,19349076613.529602,Healthcare,
DHI,crosshits,SCORE_BELOW_THRESHOLD,BENIGN,True,False,37614191116.288,Consumer Cyclical,
DKS,crosshits,SCORE_BELOW_THRESHOLD,BENIGN,True,False,17025906271.8464,Consumer Cyclical,
DLTR,crosshits,SCORE_BELOW_THRESHOLD,BENIGN,True,False,18858322441.0112,Consumer Defensive,
DRI,crosshits,SCORE_BELOW_THRESHOLD,BENIGN,True,False,20849193241.804802,Consumer Cyclical,
DSFIR.AS,crosshits,SCORE_BELOW_THRESHOLD,BENIGN,True,False,18368593920.0,Basic Materials,
DTE,crosshits,SCORE_BELOW_THRESHOLD,BENIGN,True,False,26398613556.4288,Utilities,
DUK,crosshits,SCORE_BELOW_THRESHOLD,BENIGN,True,False,83864418805.3504,Utilities,
DVA,crosshits,SCORE_BELOW_THRESHOLD,BENIGN,True,False,11528559040.9216,Healthcare,
DVN,crosshits,SCORE_BELOW_THRESHOLD,BENIGN,True,False,44986007171.8912,Energy,
DY,crosshits,SCORE_BELOW_THRESHOLD,BENIGN,True,False,12118964820.3776,Industrials,
ED,crosshits,SCORE_BELOW_THRESHOLD,BENIGN,True,False,34178397136.4864,Utilities,
EDPR.LS,crosshits,SCORE_BELOW_THRESHOLD,BENIGN,True,False,14443697152.0,Utilities,
EHC,crosshits,SCORE_BELOW_THRESHOLD,BENIGN,True,False,8664580866.048,Healthcare,
EIX,crosshits,SCORE_BELOW_THRESHOLD,BENIGN,True,False,24163273572.352,Utilities,
EL,crosshits,SCORE_BELOW_THRESHOLD,BENIGN,True,False,27929316818.944,Consumer Defensive,
EL.PA,crosshits,SCORE_BELOW_THRESHOLD,BENIGN,True,False,84080680960.0,Healthcare,
ELAN,crosshits,SCORE_BELOW_THRESHOLD,BENIGN,True,False,10391316247.3472,Healthcare,
ELF,crosshits,SCORE_BELOW_THRESHOLD,BENIGN,True,False,3128825813.4016,Consumer Defensive,
ELISA.HE,crosshits,SCORE_BELOW_THRESHOLD,BENIGN,True,False,6474363392.0,Communication Services,
EN.PA,crosshits,SCORE_BELOW_THRESHOLD,BENIGN,True,False,19428747264.0,Industrials,
ENT.L,crosshits,SCORE_BELOW_THRESHOLD,BENIGN,True,False,4444928727.3216,Consumer Cyclical,
ENTG,crosshits,SCORE_BELOW_THRESHOLD,BENIGN,True,False,19733147779.072,Technology,
ESAB,crosshits,SCORE_BELOW_THRESHOLD,BENIGN,True,False,4798906726.8096,Industrials,
ETR,crosshits,SCORE_BELOW_THRESHOLD,BENIGN,True,False,43793897068.9536,Utilities,
EVRG,crosshits,SCORE_BELOW_THRESHOLD,BENIGN,True,False,16637986655.4368,Utilities,
EXC,crosshits,SCORE_BELOW_THRESHOLD,BENIGN,True,False,40700729806.0288,Utilities,
EXP,crosshits,SCORE_BELOW_THRESHOLD,BENIGN,True,False,5734295804.313601,Basic Materials,
EZJ.L,crosshits,SCORE_BELOW_THRESHOLD,BENIGN,True,False,4327055677.2864,Industrials,
FANG,crosshits,SCORE_BELOW_THRESHOLD,BENIGN,True,False,46525144236.032,Energy,
FCN,crosshits,SCORE_BELOW_THRESHOLD,BENIGN,True,False,4114573536.4608,Industrials,
FE,crosshits,SCORE_BELOW_THRESHOLD,BENIGN,True,False,23416873313.8944,Utilities,
FIVE,crosshits,SCORE_BELOW_THRESHOLD,BENIGN,True,False,9447774994.432,Consumer Cyclical,
FIX,crosshits,SCORE_BELOW_THRESHOLD,BENIGN,True,False,56865972263.3216,Industrials,
FLS,crosshits,SCORE_BELOW_THRESHOLD,BENIGN,True,False,8588971058.7904005,Industrials,
FLTR.L,crosshits,SCORE_BELOW_THRESHOLD,BENIGN,True,False,16188136363.622398,Consumer Cyclical,
FME.DE,crosshits,SCORE_BELOW_THRESHOLD,BENIGN,True,False,10653959168.0,Healthcare,
FND,crosshits,SCORE_BELOW_THRESHOLD,BENIGN,True,False,4963150782.464,Consumer Cyclical,
FORTUM.HE,crosshits,SCORE_BELOW_THRESHOLD,BENIGN,True,False,18259331072.0,Utilities,
FOX,crosshits,SCORE_BELOW_THRESHOLD,BENIGN,True,False,21311150142.2592,Communication Services,
FOXA,crosshits,SCORE_BELOW_THRESHOLD,BENIGN,True,False,23817706307.584,Communication Services,
FR.PA,crosshits,SCORE_BELOW_THRESHOLD,BENIGN,True,False,3529972992.0,Consumer Cyclical,
FRA.DE,crosshits,SCORE_BELOW_THRESHOLD,BENIGN,True,False,6514419712.0,Industrials,
FTI,crosshits,SCORE_BELOW_THRESHOLD,BENIGN,True,False,24295310871.7568,Energy,
G1A.DE,crosshits,SCORE_BELOW_THRESHOLD,BENIGN,True,False,9100613632.0,Industrials,
GAP,crosshits,SCORE_BELOW_THRESHOLD,BENIGN,True,False,6783051553.1776,Consumer Cyclical,
GATX,crosshits,SCORE_BELOW_THRESHOLD,BENIGN,True,False,5334994786.7136,Industrials,
GEF,crosshits,SCORE_BELOW_THRESHOLD,BENIGN,True,False,3344772739.8912,Consumer Cyclical,
GEHC,crosshits,SCORE_BELOW_THRESHOLD,BENIGN,True,False,25522587670.9376,Healthcare,
GGG,crosshits,SCORE_BELOW_THRESHOLD,BENIGN,True,False,10657759327.0272,Industrials,
GHC,crosshits,SCORE_BELOW_THRESHOLD,BENIGN,True,False,4353317201.5104,Consumer Defensive,
GIS,crosshits,SCORE_BELOW_THRESHOLD,BENIGN,True,False,15853644867.1744,Consumer Defensive,
GM,crosshits,SCORE_BELOW_THRESHOLD,BENIGN,True,False,63256502101.6064,Consumer Cyclical,
GME,crosshits,SCORE_BELOW_THRESHOLD,BENIGN,True,False,8408301892.4032,Consumer Cyclical,
GNRC,crosshits,SCORE_BELOW_THRESHOLD,BENIGN,True,False,13294871940.3008,Industrials,
GPC,crosshits,SCORE_BELOW_THRESHOLD,BENIGN,True,False,12424717454.5408,Consumer Cyclical,
GPK,crosshits,SCORE_BELOW_THRESHOLD,BENIGN,False,False,2725288502.8864,Consumer Cyclical,
GRF.MC,crosshits,SCORE_BELOW_THRESHOLD,BENIGN,True,False,6148317696.0,Healthcare,
GRG.L,crosshits,SCORE_BELOW_THRESHOLD,BENIGN,False,False,2025451756.6464,Consumer Cyclical,
GSK.L,crosshits,SCORE_BELOW_THRESHOLD,BENIGN,True,False,92077865771.8272,Healthcare,
GTLS,crosshits,SCORE_BELOW_THRESHOLD,BENIGN,True,False,8518454322.7904005,Industrials,
GXO,crosshits,SCORE_BELOW_THRESHOLD,BENIGN,True,False,4921981349.0688,Industrials,
H,crosshits,SCORE_BELOW_THRESHOLD,BENIGN,True,False,16158987622.8096,Consumer Cyclical,
HAE,crosshits,SCORE_BELOW_THRESHOLD,BENIGN,True,False,3059176212.8896,Healthcare,
HAL,crosshits,SCORE_BELOW_THRESHOLD,BENIGN,True,False,28476769973.0432,Energy,
HAS,crosshits,SCORE_BELOW_THRESHOLD,BENIGN,True,False,10218616353.5872,Consumer Cyclical,
HCA,crosshits,SCORE_BELOW_THRESHOLD,BENIGN,True,False,73935775203.328,Healthcare,
HEI.DE,crosshits,SCORE_BELOW_THRESHOLD,BENIGN,True,False,32124897280.0,Basic Materials,
HGV,crosshits,SCORE_BELOW_THRESHOLD,BENIGN,True,False,3432022215.8848,Consumer Cyclical,
HIK.L,crosshits,SCORE_BELOW_THRESHOLD,BENIGN,True,False,3632658548.4287996,Healthcare,
HIMS,crosshits,SCORE_BELOW_THRESHOLD,BENIGN,True,False,5343584165.8880005,Healthcare,
HLN.L,crosshits,SCORE_BELOW_THRESHOLD,BENIGN,True,False,34426957527.8592,Healthcare,
HM-B.ST,crosshits,SCORE_BELOW_THRESHOLD,BENIGN,True,False,25019634113.57696,Consumer Cyclical,
HRB,crosshits,SCORE_BELOW_THRESHOLD,BENIGN,True,False,3984886648.0128,Consumer Cyclical,
HSIC,crosshits,SCORE_BELOW_THRESHOLD,BENIGN,True,False,7967337824.2560005,Healthcare,
HXL,crosshits,SCORE_BELOW_THRESHOLD,BENIGN,True,False,6344087515.9552,Industrials,
IAG.L,crosshits,SCORE_BELOW_THRESHOLD,BENIGN,True,False,22452520192.2048,Industrials,
IDA,crosshits,SCORE_BELOW_THRESHOLD,BENIGN,True,False,6819489313.5872,Utilities,
IMI.L,crosshits,SCORE_BELOW_THRESHOLD,BENIGN,True,False,7850135716.4544,Industrials,
INF.L,crosshits,SCORE_BELOW_THRESHOLD,BENIGN,True,False,11875905766.5024,Communication Services,
INTC,crosshits,SCORE_BELOW_THRESHOLD,BENIGN,True,False,538937242786.2016,Technology,
IP,crosshits,SCORE_BELOW_THRESHOLD,BENIGN,True,False,16477467646.3616,Consumer Cyclical,
IR,crosshits,SCORE_BELOW_THRESHOLD,BENIGN,True,False,24927842467.84,Industrials,
IT,crosshits,SCORE_BELOW_THRESHOLD,BENIGN,True,False,8539360772.096,Technology,
ITRK.L,crosshits,SCORE_BELOW_THRESHOLD,BENIGN,True,False,10057964825.7024,Industrials,
ITT,crosshits,SCORE_BELOW_THRESHOLD,BENIGN,True,False,14626202353.664,Industrials,
IVZ,crosshits,SCORE_BELOW_THRESHOLD,BENIGN,True,False,11035575658.086401,Financial Services,
J,crosshits,SCORE_BELOW_THRESHOLD,BENIGN,True,False,12908791047.7824,Industrials,
JCI,crosshits,SCORE_BELOW_THRESHOLD,BENIGN,True,False,76131179796.8896,Industrials,
JD.L,crosshits,SCORE_BELOW_THRESHOLD,BENIGN,True,False,4862188257.9456,Consumer Cyclical,
JHG,crosshits,SCORE_BELOW_THRESHOLD,BENIGN,True,False,6875450513.8176,Financial Services,
KBR,crosshits,SCORE_BELOW_THRESHOLD,BENIGN,True,False,3911606096.6912003,Industrials,
KDP,crosshits,SCORE_BELOW_THRESHOLD,BENIGN,True,False,37137787099.5456,Consumer Defensive,
KGF.L,crosshits,SCORE_BELOW_THRESHOLD,BENIGN,True,False,5559073126.656,Consumer Cyclical,
KHC,crosshits,SCORE_BELOW_THRESHOLD,BENIGN,True,False,24895297231.2576,Consumer Defensive,
KMB,crosshits,SCORE_BELOW_THRESHOLD,BENIGN,True,False,29227757345.1776,Consumer Defensive,
KNF,crosshits,SCORE_BELOW_THRESHOLD,BENIGN,True,False,3757828046.848,Basic Materials,
KPN.AS,crosshits,SCORE_BELOW_THRESHOLD,BENIGN,True,False,16813656064.0,Communication Services,
KR,crosshits,SCORE_BELOW_THRESHOLD,BENIGN,True,False,34343889338.368,Consumer Defensive,
KTOS,crosshits,SCORE_BELOW_THRESHOLD,BENIGN,True,False,9321843562.9056,Industrials,
LDO.MI,crosshits,SCORE_BELOW_THRESHOLD,BENIGN,True,False,30857402368.0,Industrials,
LDOS,crosshits,SCORE_BELOW_THRESHOLD,BENIGN,True,False,13227011922.3296,Technology,
LEG.DE,crosshits,SCORE_BELOW_THRESHOLD,BENIGN,True,False,3978802688.0,Real Estate,
LEN,crosshits,SCORE_BELOW_THRESHOLD,BENIGN,True,False,19144826650.624,Consumer Cyclical,
LHA.DE,crosshits,SCORE_BELOW_THRESHOLD,BENIGN,True,False,10128991232.0,Industrials,
LNT,crosshits,SCORE_BELOW_THRESHOLD,BENIGN,True,False,16254171113.0624,Utilities,
LNTH,crosshits,SCORE_BELOW_THRESHOLD,BENIGN,True,False,5857646764.032001,Healthcare,
LOGN.SW,crosshits,SCORE_BELOW_THRESHOLD,BENIGN,True,False,13765803329.740799,Technology,
LOW,crosshits,SCORE_BELOW_THRESHOLD,BENIGN,True,False,106616601365.7088,Consumer Cyclical,
LSG.OL,crosshits,SCORE_BELOW_THRESHOLD,BENIGN,False,False,2252611967.7952,Consumer Defensive,
LSTR,crosshits,SCORE_BELOW_THRESHOLD,BENIGN,True,False,6549895457.9968,Industrials,
LUV,crosshits,SCORE_BELOW_THRESHOLD,BENIGN,True,False,19130885491.9168,Industrials,
M,crosshits,SCORE_BELOW_THRESHOLD,BENIGN,True,False,5744353253.7856,Consumer Cyclical,
MAS,crosshits,SCORE_BELOW_THRESHOLD,BENIGN,True,False,12855531520.0,Industrials,
MAT,crosshits,SCORE_BELOW_THRESHOLD,BENIGN,True,False,3664284070.7072,Consumer Cyclical,
MEL.MC,crosshits,SCORE_BELOW_THRESHOLD,BENIGN,False,False,2550390784.0,Consumer Cyclical,
MGM,crosshits,SCORE_BELOW_THRESHOLD,BENIGN,True,False,10784993555.2512,Consumer Cyclical,
MKS.L,crosshits,SCORE_BELOW_THRESHOLD,BENIGN,True,False,8951905729.0752,Consumer Cyclical,
MKSI,crosshits,SCORE_BELOW_THRESHOLD,BENIGN,True,False,20680522498.048,Technology,
MNDI.L,crosshits,SCORE_BELOW_THRESHOLD,BENIGN,True,False,3672202764.9024,Basic Materials,
MOG-A,crosshits,SCORE_BELOW_THRESHOLD,BENIGN,True,False,10775303674.2656,Industrials,
MTDR,crosshits,SCORE_BELOW_THRESHOLD,BENIGN,True,False,5777545922.1504,Energy,
MTN,crosshits,SCORE_BELOW_THRESHOLD,BENIGN,True,False,4089062785.024,Consumer Cyclical,
MTZ,crosshits,SCORE_BELOW_THRESHOLD,BENIGN,True,False,24688921188.7616,Industrials,
MUR,crosshits,SCORE_BELOW_THRESHOLD,BENIGN,True,False,4792673928.8064,Energy,
MZTI,crosshits,SCORE_BELOW_THRESHOLD,BENIGN,False,False,2634574671.872,Consumer Defensive,
NCLH,crosshits,SCORE_BELOW_THRESHOLD,BENIGN,True,False,7678775407.411201,Consumer Cyclical,
NEXI.MI,crosshits,SCORE_BELOW_THRESHOLD,BENIGN,True,False,3980695040.0,Technology,
NG.L,crosshits,SCORE_BELOW_THRESHOLD,BENIGN,True,False,69642997448.2944,Utilities,
NHY.OL,crosshits,SCORE_BELOW_THRESHOLD,BENIGN,True,False,19584879776.23552,Basic Materials,
NI,crosshits,SCORE_BELOW_THRESHOLD,BENIGN,True,False,19483627834.5728,Utilities,
NIBE-B.ST,crosshits,SCORE_BELOW_THRESHOLD,BENIGN,True,False,6695882803.11808,Industrials,
NOKIA.HE,crosshits,SCORE_BELOW_THRESHOLD,BENIGN,True,False,72377556992.0,Technology,
NOV,crosshits,SCORE_BELOW_THRESHOLD,BENIGN,True,False,6527716181.6064005,Energy,
NOVT,crosshits,SCORE_BELOW_THRESHOLD,BENIGN,True,False,4921196850.3808,Technology,
NTNX,crosshits,SCORE_BELOW_THRESHOLD,BENIGN,True,False,11474038145.024,Technology,
NVST,crosshits,SCORE_BELOW_THRESHOLD,BENIGN,True,False,3445874347.2128,Healthcare,
NVT,crosshits,SCORE_BELOW_THRESHOLD,BENIGN,True,False,23086414259.8144,Industrials,
NWE,crosshits,SCORE_BELOW_THRESHOLD,BENIGN,True,False,3761820616.2944,Utilities,
NWS,crosshits,SCORE_BELOW_THRESHOLD,BENIGN,True,False,13716415699.3536,Communication Services,
NWSA,crosshits,SCORE_BELOW_THRESHOLD,BENIGN,True,False,12038194069.504,Communication Services,
NXST,crosshits,SCORE_BELOW_THRESHOLD,BENIGN,True,False,4587245454.9504,Communication Services,
OC,crosshits,SCORE_BELOW_THRESHOLD,BENIGN,True,False,8418072867.6352005,Industrials,
OGE,crosshits,SCORE_BELOW_THRESHOLD,BENIGN,True,False,8491527507.1488,Utilities,
OLLI,crosshits,SCORE_BELOW_THRESHOLD,BENIGN,True,False,4332179809.8944,Consumer Defensive,
ON,crosshits,SCORE_BELOW_THRESHOLD,BENIGN,True,False,39087486704.025604,Technology,
ONTO,crosshits,SCORE_BELOW_THRESHOLD,BENIGN,True,False,13868303459.9424,Technology,
OPCH,crosshits,SCORE_BELOW_THRESHOLD,BENIGN,False,False,2806114124.5952,Healthcare,
ORA.PA,crosshits,SCORE_BELOW_THRESHOLD,BENIGN,True,False,47428308992.0,Communication Services,
ORK.OL,crosshits,SCORE_BELOW_THRESHOLD,BENIGN,True,False,8845247547.31008,Consumer Defensive,
OSK,crosshits,SCORE_BELOW_THRESHOLD,BENIGN,True,False,7248404715.9296,Industrials,
OTIS,crosshits,SCORE_BELOW_THRESHOLD,BENIGN,True,False,23368921933.414402,Industrials,
OVV,crosshits,SCORE_BELOW_THRESHOLD,BENIGN,True,False,13897201218.3552,Energy,
PATH,crosshits,SCORE_BELOW_THRESHOLD,BENIGN,True,False,4705278130.5856,Technology,
PCG,crosshits,SCORE_BELOW_THRESHOLD,BENIGN,True,False,32131691184.128002,Utilities,
PHM,crosshits,SCORE_BELOW_THRESHOLD,BENIGN,True,False,20196264679.8336,Consumer Cyclical,
PKG,crosshits,SCORE_BELOW_THRESHOLD,BENIGN,True,False,17504353511.0144,Consumer Cyclical,
PNN.L,crosshits,SCORE_BELOW_THRESHOLD,BENIGN,False,False,2601301590.9888,Utilities,
PNW,crosshits,SCORE_BELOW_THRESHOLD,BENIGN,True,False,10790645471.6416,Utilities,
POR,crosshits,SCORE_BELOW_THRESHOLD,BENIGN,True,False,5052746262.1184,Utilities,
POST,crosshits,SCORE_BELOW_THRESHOLD,BENIGN,True,False,3633734237.3888,Consumer Defensive,
PPL,crosshits,SCORE_BELOW_THRESHOLD,BENIGN,True,False,23217289795.9936,Utilities,
PR,crosshits,SCORE_BELOW_THRESHOLD,BENIGN,True,False,14468816932.0448,Energy,
PROX.BR,crosshits,SCORE_BELOW_THRESHOLD,BENIGN,False,False,2109631360.0,Communication Services,
PSKY,crosshits,SCORE_BELOW_THRESHOLD,BENIGN,True,False,10086632823.1936,Communication Services,
PSN,crosshits,SCORE_BELOW_THRESHOLD,BENIGN,True,False,5221338996.736,Technology,
PSN.L,crosshits,SCORE_BELOW_THRESHOLD,BENIGN,True,False,3874453881.0624,Consumer Cyclical,
PSON.L,crosshits,SCORE_BELOW_THRESHOLD,BENIGN,True,False,7972808498.0736,Communication Services,
PST.MI,crosshits,SCORE_BELOW_THRESHOLD,BENIGN,True,False,36512391168.0,Industrials,
PSTG,crosshits,SCORE_BELOW_THRESHOLD,BENIGN,True,False,19286440122.7776,Technology,
PVH,crosshits,SCORE_BELOW_THRESHOLD,BENIGN,True,False,3252979782.4512,Consumer Cyclical,
R,crosshits,SCORE_BELOW_THRESHOLD,BENIGN,True,False,9336453749.1456,Industrials,
RBA,crosshits,SCORE_BELOW_THRESHOLD,BENIGN,True,False,17260303902.310402,Industrials,
REP.MC,crosshits,SCORE_BELOW_THRESHOLD,BENIGN,True,False,24901251072.0,Energy,
RH,crosshits,SCORE_BELOW_THRESHOLD,BENIGN,False,False,2489953440.5632,Consumer Cyclical,
RKT.L,crosshits,SCORE_BELOW_THRESHOLD,BENIGN,True,False,34112796942.950397,Consumer Defensive,
RNO.PA,crosshits,SCORE_BELOW_THRESHOLD,BENIGN,True,False,8048866816.0,Consumer Cyclical,
RPM,crosshits,SCORE_BELOW_THRESHOLD,BENIGN,True,False,11802000025.190401,Basic Materials,
RRX,crosshits,SCORE_BELOW_THRESHOLD,BENIGN,True,False,12166017993.9328,Industrials,
RVTY,crosshits,SCORE_BELOW_THRESHOLD,BENIGN,True,False,9570415057.3056,Healthcare,
SALM.OL,crosshits,SCORE_BELOW_THRESHOLD,BENIGN,True,False,6618176680.755199,Consumer Defensive,
SARO,crosshits,SCORE_BELOW_THRESHOLD,BENIGN,True,False,7701423620.096,Industrials,
SCI,crosshits,SCORE_BELOW_THRESHOLD,BENIGN,True,False,9135436978.5856,Consumer Cyclical,
SCMN.SW,crosshits,SCORE_BELOW_THRESHOLD,BENIGN,True,False,36895253092.9664,Communication Services,
SDZ.SW,crosshits,SCORE_BELOW_THRESHOLD,BENIGN,True,False,31470467026.5344,Healthcare,
SFM,crosshits,SCORE_BELOW_THRESHOLD,BENIGN,True,False,6988701714.0224,Consumer Defensive,
SGI,crosshits,SCORE_BELOW_THRESHOLD,BENIGN,True,False,13081672522.1376,Consumer Cyclical,
SGSN.SW,crosshits,SCORE_BELOW_THRESHOLD,BENIGN,True,False,19200361203.3024,Industrials,
SHC,crosshits,SCORE_BELOW_THRESHOLD,BENIGN,True,False,3974187936.9728003,Healthcare,
SHEL.L,crosshits,SCORE_BELOW_THRESHOLD,BENIGN,True,False,206743977890.6112,Energy,
SIE.DE,crosshits,SCORE_BELOW_THRESHOLD,BENIGN,True,False,201745612800.0,Industrials,
SIGN.SW,crosshits,SCORE_BELOW_THRESHOLD,BENIGN,True,False,4920556485.888,Consumer Cyclical,
SIX2.DE,crosshits,SCORE_BELOW_THRESHOLD,BENIGN,True,False,3499627520.0,Industrials,
SJM,crosshits,SCORE_BELOW_THRESHOLD,BENIGN,True,False,10694116874.649601,Consumer Defensive,
SLAB,crosshits,SCORE_BELOW_THRESHOLD,BENIGN,True,False,6232054492.3648,Technology,
SLB,crosshits,SCORE_BELOW_THRESHOLD,BENIGN,True,False,72300604922.2656,Energy,
SLGN,crosshits,SCORE_BELOW_THRESHOLD,BENIGN,True,False,3721547186.176,Consumer Cyclical,
SMG,crosshits,SCORE_BELOW_THRESHOLD,BENIGN,True,False,3088619153.8176003,Basic Materials,
SMIN.L,crosshits,SCORE_BELOW_THRESHOLD,BENIGN,True,False,8764651884.7488,Industrials,
SN.L,crosshits,SCORE_BELOW_THRESHOLD,BENIGN,True,False,11113110313.8816,Healthcare,
SOLS,crosshits,SCORE_BELOW_THRESHOLD,BENIGN,True,False,11354194952.192,Basic Materials,
SOLV,crosshits,SCORE_BELOW_THRESHOLD,BENIGN,True,False,11757056183.5008,Healthcare,
SON,crosshits,SCORE_BELOW_THRESHOLD,BENIGN,True,False,4303818860.1344,Consumer Cyclical,
SPX.L,crosshits,SCORE_BELOW_THRESHOLD,BENIGN,True,False,5818020349.7472,Industrials,
SR,crosshits,SCORE_BELOW_THRESHOLD,BENIGN,True,False,4025219576.6272,Utilities,
SRT3.DE,crosshits,SCORE_BELOW_THRESHOLD,BENIGN,True,False,15964889088.0,Healthcare,
ST,crosshits,SCORE_BELOW_THRESHOLD,BENIGN,True,False,6309470850.2528,Technology,
STZ,crosshits,SCORE_BELOW_THRESHOLD,BENIGN,True,False,22016754706.0224,Consumer Defensive,
SW,crosshits,SCORE_BELOW_THRESHOLD,BENIGN,True,False,19557189130.6496,Consumer Cyclical,
SWEC-B.ST,crosshits,SCORE_BELOW_THRESHOLD,BENIGN,True,False,4389212465.39776,Industrials,
SWK,crosshits,SCORE_BELOW_THRESHOLD,BENIGN,True,False,11189706732.339201,Industrials,
SY1.DE,crosshits,SCORE_BELOW_THRESHOLD,BENIGN,True,False,11489261568.0,Basic Materials,
SYNA,crosshits,SCORE_BELOW_THRESHOLD,BENIGN,True,False,4604420246.7328005,Technology,
T,crosshits,SCORE_BELOW_THRESHOLD,BENIGN,True,False,141035037471.5392,Communication Services,
TAP,crosshits,SCORE_BELOW_THRESHOLD,BENIGN,True,False,6712850379.5712,Consumer Defensive,
TATE.L,crosshits,SCORE_BELOW_THRESHOLD,BENIGN,False,False,2894817254.4768,Consumer Defensive,
TEL.OL,crosshits,SCORE_BELOW_THRESHOLD,BENIGN,True,False,18815609889.09568,Communication Services,
TELIA.ST,crosshits,SCORE_BELOW_THRESHOLD,BENIGN,True,False,18597908001.5872,Communication Services,
TEN.MI,crosshits,SCORE_BELOW_THRESHOLD,BENIGN,True,False,27381430272.0,Energy,
TEP.PA,crosshits,SCORE_BELOW_THRESHOLD,BENIGN,True,False,3237467136.0,Industrials,
TEVA,crosshits,SCORE_BELOW_THRESHOLD,BENIGN,True,False,34710992414.3104,Healthcare,
TEX,crosshits,SCORE_BELOW_THRESHOLD,BENIGN,True,False,6272664639.8976,Industrials,
TGS.OL,crosshits,SCORE_BELOW_THRESHOLD,BENIGN,False,False,2668057982.5663996,Energy,
TGT,crosshits,SCORE_BELOW_THRESHOLD,BENIGN,True,False,52870560992.4608,Consumer Defensive,
THC,crosshits,SCORE_BELOW_THRESHOLD,BENIGN,True,False,12950468201.6768,Healthcare,
TKR,crosshits,SCORE_BELOW_THRESHOLD,BENIGN,True,False,8199048767.0784,Industrials,
TLN,crosshits,SCORE_BELOW_THRESHOLD,BENIGN,True,False,14181575822.5408,Utilities,
TNL,crosshits,SCORE_BELOW_THRESHOLD,BENIGN,True,False,3983378030.592,Consumer Cyclical,
TOL,crosshits,SCORE_BELOW_THRESHOLD,BENIGN,True,False,11835642678.4768,Consumer Cyclical,
TOM.OL,crosshits,SCORE_BELOW_THRESHOLD,BENIGN,False,False,2563047994.5727997,Industrials,
TRGP,crosshits,SCORE_BELOW_THRESHOLD,BENIGN,True,False,50367068779.3152,Energy,
TSCO,crosshits,SCORE_BELOW_THRESHOLD,BENIGN,True,False,14107694556.7744,Consumer Cyclical,
TTEK,crosshits,SCORE_BELOW_THRESHOLD,BENIGN,True,False,6351229979.8528,Industrials,
TTWO,crosshits,SCORE_BELOW_THRESHOLD,BENIGN,True,False,33842279114.3424,Communication Services,
TXNM,crosshits,SCORE_BELOW_THRESHOLD,BENIGN,True,False,5437635862.528,Utilities,
UAL,crosshits,SCORE_BELOW_THRESHOLD,BENIGN,True,False,32275086966.784,Industrials,
UGI,crosshits,SCORE_BELOW_THRESHOLD,BENIGN,True,False,6464790131.5072,Utilities,
URI,crosshits,SCORE_BELOW_THRESHOLD,BENIGN,True,False,57929632605.7984,Industrials,
VALMT.HE,crosshits,SCORE_BELOW_THRESHOLD,BENIGN,True,False,3986901248.0,Industrials,
VC,crosshits,SCORE_BELOW_THRESHOLD,BENIGN,False,False,2721539436.544,Consumer Cyclical,
VCT.PA,crosshits,SCORE_BELOW_THRESHOLD,BENIGN,False,False,2792514816.0,Basic Materials,
VFC,crosshits,SCORE_BELOW_THRESHOLD,BENIGN,True,False,5948831514.624,Consumer Cyclical,
VLTO,crosshits,SCORE_BELOW_THRESHOLD,BENIGN,True,False,17623292326.7072,Industrials,
VMC,crosshits,SCORE_BELOW_THRESHOLD,BENIGN,True,False,31996697470.5664,Basic Materials,
VNOM,crosshits,SCORE_BELOW_THRESHOLD,BENIGN,True,False,13714425364.48,Energy,
VNT,crosshits,SCORE_BELOW_THRESHOLD,BENIGN,True,False,3547542732.8,Technology,
VOD.L,crosshits,SCORE_BELOW_THRESHOLD,BENIGN,True,False,30856701713.8176,Communication Services,
VTRS,crosshits,SCORE_BELOW_THRESHOLD,BENIGN,True,False,16520325955.584,Healthcare,
VZ,crosshits,SCORE_BELOW_THRESHOLD,BENIGN,True,False,172922790110.8224,Communication Services,
WAB,crosshits,SCORE_BELOW_THRESHOLD,BENIGN,True,False,38734652689.6128,Industrials,
WBD,crosshits,SCORE_BELOW_THRESHOLD,BENIGN,True,False,58226705511.2192,Communication Services,
WCC,crosshits,SCORE_BELOW_THRESHOLD,BENIGN,True,False,14538391388.16,Industrials,
WEC,crosshits,SCORE_BELOW_THRESHOLD,BENIGN,True,False,31806834684.7232,Utilities,
WEIR.L,crosshits,SCORE_BELOW_THRESHOLD,BENIGN,True,False,6984848582.7072,Industrials,
WFRD,crosshits,SCORE_BELOW_THRESHOLD,BENIGN,True,False,6272438545.6128,Energy,
WH,crosshits,SCORE_BELOW_THRESHOLD,BENIGN,True,False,5115883862.4256,Consumer Cyclical,
WIE.VI,crosshits,SCORE_BELOW_THRESHOLD,BENIGN,False,False,2559691776.0,Basic Materials,
WIHL.ST,crosshits,SCORE_BELOW_THRESHOLD,BENIGN,False,False,2246636497.79712,Real Estate,
WING,crosshits,SCORE_BELOW_THRESHOLD,BENIGN,True,False,3804366448.2304,Consumer Cyclical,
WMB,crosshits,SCORE_BELOW_THRESHOLD,BENIGN,True,False,75882721129.2672,Energy,
WMG,crosshits,SCORE_BELOW_THRESHOLD,BENIGN,True,False,12778728216.9856,Communication Services,
WMS,crosshits,SCORE_BELOW_THRESHOLD,BENIGN,True,False,8897737401.9584,Industrials,
WTB.L,crosshits,SCORE_BELOW_THRESHOLD,BENIGN,True,False,4609164013.2864,Consumer Cyclical,
WTRG,crosshits,SCORE_BELOW_THRESHOLD,BENIGN,True,False,9158114279.424,Utilities,
WYNN,crosshits,SCORE_BELOW_THRESHOLD,BENIGN,True,False,9583460653.465601,Consumer Cyclical,
XEL,crosshits,SCORE_BELOW_THRESHOLD,BENIGN,True,False,42570551577.8048,Utilities,
XOM,crosshits,SCORE_BELOW_THRESHOLD,BENIGN,True,False,524527345231.4624,Energy,
XYL,crosshits,SCORE_BELOW_THRESHOLD,BENIGN,True,False,22523089551.36,Industrials,
XYZ,crosshits,SCORE_BELOW_THRESHOLD,BENIGN,True,False,35617305237.9136,Technology,
YETI,crosshits,SCORE_BELOW_THRESHOLD,BENIGN,True,False,3288027261.3376,Consumer Cyclical,
ZBH,crosshits,SCORE_BELOW_THRESHOLD,BENIGN,True,False,14749783814.9632,Healthcare,
